date,SYN:spot,SYN:vol,SYN:spot_level,SYN:vol_level
2021-08-17,-0.0050951772,-0.0083855088,380.8330223645,0.1831796436
2021-08-18,0.0051169494,-0.0064812463,382.7867198866,0.1766983973
2021-08-19,-0.0103587575,0.0072104407,378.8419915841,0.1839088381
2021-08-20,0.0062205107,-0.0044075162,381.2059270494,0.1795013219
2021-08-23,0.0031064416,-0.0052393522,382.3919622324,0.1742619697
2021-08-24,-0.0010215400,-0.0051449274,382.0015329820,0.1691170423
2021-08-25,-0.0105378233,0.0072838170,377.9972038561,0.1764008593
2021-08-26,-0.0206933116,0.0440568902,370.2555662555,0.2204577495
2021-08-27,-0.0209568556,0.0401147539,362.5769150402,0.2605725033
2021-08-30,0.0112911413,-0.0112373028,366.6940219033,0.2493352005
2021-08-31,0.0035471399,-0.0141357941,367.9970465424,0.2351994063
2021-09-01,0.0043868954,-0.0084014563,369.6149572906,0.2267979500
2021-09-02,-0.0075321068,-0.0005415923,366.8414362825,0.2262563577
2021-09-03,0.0174185095,0.0039754564,373.2872425137,0.2302318140
2021-09-06,-0.0163741618,0.0198196440,367.2247463877,0.2500514580
2021-09-07,0.0073706188,-0.0115020922,369.9414194941,0.2385493659
2021-09-08,0.0071900899,-0.0113354100,372.6109170126,0.2272139558
2021-09-09,0.0154839224,0.0007253874,378.4252940520,0.2279393433
2021-09-10,0.0118480453,-0.0032160884,382.9355602534,0.2247232549
2021-09-13,-0.0019729100,-0.0043116514,382.1808076291,0.2204116035
2021-09-14,-0.0001548274,-0.0049689847,382.1216401478,0.2154426188
2021-09-15,0.0055442327,-0.0167450711,384.2460952186,0.1986975477
2021-09-16,-0.0033380887,-0.0048657207,382.9655860891,0.1938318270
2021-09-17,-0.0012369357,-0.0114501248,382.4921751214,0.1823817021
2021-09-20,0.0256238701,0.0144802325,392.4197532149,0.1968619347
2021-09-21,0.0043793129,-0.0065218089,394.1420505852,0.1903401257
2021-09-22,0.0172523715,0.0043596760,401.0009315036,0.1946998017
2021-09-23,0.0212922486,0.0095048113,409.6306905005,0.2042046131
2021-09-24,-0.0116506587,0.0001020357,404.8859166541,0.2043066488
2021-09-27,0.0391131229,0.0430495622,421.0360515064,0.2473562110
2021-09-28,0.0055727599,-0.0122570345,423.3889342694,0.2350991765
2021-09-29,-0.0078349914,-0.0118260003,420.0846470498,0.2232731762
2021-09-30,-0.0029003425,-0.0102066911,418.8680228647,0.2130664851
2021-10-01,0.0033695783,-0.0089631656,420.2818120616,0.2041033194
2021-10-04,-0.0152291966,0.0135256907,413.9297489121,0.2176290102
2021-10-05,-0.0034541494,-0.0078668961,412.5024402098,0.2097621140
2021-10-06,0.0031868158,-0.0095854808,413.8191063560,0.2001766332
2021-10-07,-0.0076492572,-0.0073078112,410.6657732915,0.1928688220
2021-10-08,0.0326269755,0.0288669089,424.2855330060,0.2217357310
2021-10-11,0.0087887147,-0.0070545646,428.0308918632,0.2146811664
2021-10-12,-0.0035439520,-0.0048761045,426.5166557149,0.2098050619
2021-10-13,0.0001749696,-0.0091494098,426.5912897038,0.2006556521
2021-10-14,0.0075675239,-0.0086722807,429.8317752593,0.1919833714
2021-10-15,0.0090929267,-0.0041220279,433.7580275835,0.1878613435
2021-10-18,0.0034728157,-0.0147622012,435.2670079685,0.1730991422
2021-10-19,0.0092423006,-0.0067783081,439.3085241697,0.1663208341
2021-10-20,-0.0073533240,-0.0010656835,436.0899942004,0.1652551506
2021-10-21,-0.0048095656,-0.0034775440,433.9976264785,0.1617776066
2021-10-22,-0.0059529601,-0.0026359498,431.4217306385,0.1591416568
2021-10-25,0.0013665811,-0.0066191088,432.0117064354,0.1525225481
2021-10-26,-0.0064280063,-0.0042952406,429.2436385744,0.1482273075
2021-10-27,0.0036727875,-0.0062504775,430.8230579000,0.1419768300
2021-10-28,-0.0055131154,0.0010968689,428.4544159626,0.1430736989
2021-10-29,0.0035728778,-0.0109078957,429.9879691850,0.1321658032
2021-11-01,0.0021822711,-0.0077574307,430.9273441238,0.1244083725
2021-11-02,0.0101863087,0.0020312825,435.3393358726,0.1264396550
2021-11-03,-0.0027576919,0.0043416076,434.1404579617,0.1307812626
2021-11-04,0.0019308720,-0.0002625773,434.9795374534,0.1305186853
2021-11-05,-0.0031406079,0.0046069563,433.6155802189,0.1351256416
2021-11-08,0.0025260013,0.0020807648,434.7122782817,0.1372064065
2021-11-09,-0.0065932806,0.0013355621,431.8555262667,0.1385419686
2021-11-10,-0.0051021723,-0.0001365861,429.6577364967,0.1384053825
2021-11-11,0.0022966188,-0.0083511833,430.6456305244,0.1300541992
2021-11-12,-0.0037752217,0.0038480710,429.0229127804,0.1339022702
2021-11-15,-0.0073503262,0.0080775602,425.8810155576,0.1419798304
2021-11-16,0.0205384934,0.0220277638,434.7184127264,0.1640075942
2021-11-17,0.0069127925,-0.0011206803,437.7339417671,0.1628869139
2021-11-18,0.0064010749,-0.0021794764,440.5448964751,0.1607074375
2021-11-19,0.0065155441,-0.0028766765,443.4246575921,0.1578307611
2021-11-22,-0.0029411853,-0.0034488116,442.1223795813,0.1543819495
2021-11-23,-0.0051862994,0.0033760603,439.8353363071,0.1577580098
2021-11-24,-0.0067276212,-0.0021929917,436.8862221528,0.1555650181
2021-11-25,0.0079279258,-0.0061685882,440.3635896636,0.1493964299
2021-11-26,-0.0032674607,-0.0033871425,438.9270670908,0.1460092874
2021-11-29,-0.0148261424,0.0308455526,432.4674756421,0.1768548400
2021-11-30,-0.0095886228,0.0053053366,428.3405256340,0.1821601766
2021-12-01,-0.0061810235,-0.0038534515,425.7011083275,0.1783067251
2021-12-02,-0.0001522684,-0.0042369458,425.6362924163,0.1740697793
2021-12-03,-0.0143258923,0.0190700786,419.5821418112,0.1931398579
2021-12-06,-0.0034338954,-0.0149478572,418.1438115624,0.1781920008
2021-12-07,-0.0125020002,0.0073390766,412.9487197520,0.1855310774
2021-12-08,-0.0021228700,-0.0157521860,412.0730131366,0.1697788914
2021-12-09,0.0169969118,0.0059113352,419.1368433770,0.1756902265
2021-12-10,0.0068187147,-0.0066477014,422.0045839705,0.1690425251
2021-12-13,-0.0027105037,-0.0038022535,420.8622877903,0.1652402717
2021-12-14,0.0081485359,0.0054809058,424.3057096380,0.1707211775
2021-12-15,0.0091623039,-0.0049849994,428.2111917726,0.1657361781
2021-12-16,0.0191280663,0.0115600302,436.4808833020,0.1772962083
2021-12-17,-0.0002091447,-0.0088417973,436.3896051691,0.1684544109
2021-12-20,0.0042625489,-0.0168649409,438.2537072899,0.1515894700
2021-12-21,-0.0070948306,-0.0013182133,435.1553755593,0.1502712567
2021-12-22,0.0017285618,-0.0075603929,435.9082190055,0.1427108637
2021-12-23,0.0002983037,-0.0030866861,436.0382714259,0.1396241777
2021-12-24,0.0082124494,-0.0035538995,439.6339581676,0.1360702781
2021-12-27,0.0056218624,-0.0069772439,442.1124802059,0.1290930342
2021-12-28,0.0097644263,0.0048149062,446.4506001114,0.1339079404
2021-12-29,0.0028228409,-0.0032304346,447.7126395350,0.1306775058
2021-12-30,-0.0042094064,-0.0040014274,445.8319960540,0.1266760784
2021-12-31,0.0106445204,0.0008765512,450.6030113652,0.1275526296
2022-01-03,-0.0017337131,-0.0035668671,449.8224718217,0.1239857625
2022-01-04,-0.0068112392,0.0079174954,446.7690340253,0.1319032579
2022-01-05,-0.0078964168,0.0117633271,443.2550516950,0.1436665850
2022-01-06,0.0027169018,-0.0091880129,444.4609695845,0.1344785721
2022-01-07,0.0031824749,0.0017169868,445.8777086411,0.1361955588
2022-01-10,-0.0053299330,0.0009333514,443.5075323706,0.1371289103
2022-01-11,0.0250680916,0.0317359589,454.7659436871,0.1688648692
2022-01-12,-0.0002880798,-0.0027465584,454.6349536602,0.1661183108
2022-01-13,0.0012942358,-0.0102121039,455.2237394048,0.1559062068
2022-01-14,0.0139494455,0.0082243319,461.6183551146,0.1641305387
2022-01-17,-0.0014675360,-0.0111858462,460.9414104130,0.1529446926
2022-01-18,-0.0007803191,-0.0070133749,460.5818693424,0.1459313177
2022-01-19,0.0060229802,-0.0059331160,463.3643157205,0.1399982017
2022-01-20,0.0016770234,0.0028378627,464.1420404849,0.1428360644
2022-01-21,-0.0016843398,0.0026067161,463.3609255790,0.1454427805
2022-01-24,-0.0006669925,-0.0015664148,463.0519703822,0.1438763656
2022-01-25,-0.0034592871,-0.0005103780,461.4529080973,0.1433659876
2022-01-26,0.0058204136,-0.0044345885,464.1465864535,0.1389313991
2022-01-27,-0.0166742971,0.0433583284,456.4714350768,0.1822897276
2022-01-28,0.0080028053,0.0008386509,460.1391434853,0.1831283785
2022-01-31,-0.0222932010,0.0527694604,449.9946656457,0.2358978390
2022-02-01,0.0002167518,-0.0127812761,450.0922133878,0.2231165629
2022-02-02,0.0037175400,-0.0121101021,451.7685631974,0.2110064607
2022-02-03,-0.0037492387,-0.0090210625,450.0779462802,0.2019853983
2022-02-04,-0.0009601295,-0.0041491081,449.6460205535,0.1978362902
2022-02-07,0.0056444987,-0.0115342102,452.1912233805,0.1863020800
2022-02-08,-0.0030949203,-0.0065527171,450.7938910266,0.1797493629
2022-02-09,0.0070915156,0.0013665724,454.0020649172,0.1811159353
2022-02-10,-0.0056561025,-0.0000644776,451.4414311357,0.1810514578
2022-02-11,0.0074429832,0.0019355006,454.8140376867,0.1829869584
2022-02-14,-0.0004704459,-0.0064606330,454.6001226052,0.1765263254
2022-02-15,0.0038191590,-0.0050427227,456.3396323733,0.1714836027
2022-02-16,-0.0031287528,-0.0001479351,454.9140897372,0.1713356676
2022-02-17,0.0021568437,-0.0042516290,455.8963272224,0.1670840386
2022-02-18,-0.0042979332,-0.0024724917,453.9411199424,0.1646115469
2022-02-21,-0.0054548802,-0.0038449737,451.4716669301,0.1607665732
2022-02-22,0.0050892565,-0.0104054986,453.7751786702,0.1503610745
2022-02-23,0.0072299082,0.0040717007,457.0678199757,0.1544327753
2022-02-24,0.0040908351,-0.0060787814,458.9414387732,0.1483539938
2022-02-25,-0.0013653920,-0.0075173304,458.3152313925,0.1408366634
2022-02-28,-0.0093292975,0.0133138935,454.0593553059,0.1541505570
2022-03-01,0.0017025658,-0.0087387615,454.8330796910,0.1454117954
2022-03-02,0.0007930489,-0.0098654130,455.1939276459,0.1355463824
2022-03-03,0.0027427279,-0.0053496398,456.4441144251,0.1301967426
2022-03-04,0.0141546510,0.0092012659,462.9508633179,0.1393980085
2022-03-07,-0.0020057949,-0.0021925153,462.0232094777,0.1372054932
2022-03-08,0.0040930935,-0.0006324525,463.9181892085,0.1365730407
2022-03-09,-0.0107375764,0.0181427544,458.9634806156,0.1547157952
2022-03-10,-0.0138583046,0.0207565294,452.6468945591,0.1754723245
2022-03-11,0.0058613499,-0.0039518699,455.3078070577,0.1715204546
2022-03-14,-0.0050713511,-0.0037933037,453.0046263511,0.1677271509
2022-03-15,-0.0017660156,-0.0085922679,452.2053191100,0.1591348830
2022-03-16,0.0020926341,-0.0038686524,453.1526101830,0.1552662306
2022-03-17,-0.0135865433,0.0212677163,447.0374685224,0.1765339469
2022-03-18,0.0157791068,0.0123035159,454.1472660826,0.1888374628
2022-03-21,-0.0047892422,-0.0030720634,451.9774448856,0.1857653993
2022-03-22,0.0169225767,0.0029867447,459.6911516960,0.1887521441
2022-03-23,0.0108389374,-0.0003192059,464.7008160030,0.1884329381
2022-03-24,0.0106233136,-0.0038404738,469.6637934648,0.1845924644
2022-03-25,0.0115318582,0.0047675035,475.1112389450,0.1893599679
2022-03-28,0.0135248621,-0.0063126908,481.5807036326,0.1830472770
2022-03-29,-0.0080081996,-0.0023615485,477.7395102663,0.1806857285
2022-03-30,-0.0074175388,-0.0032486906,474.2089690625,0.1774370379
2022-03-31,0.0112318533,-0.0006296314,479.5652387219,0.1768074065
2022-04-01,-0.0054685922,-0.0038690427,476.9498497735,0.1729383638
2022-04-04,0.0019904664,-0.0129287712,477.9001478785,0.1600095926
2022-04-05,0.0073699845,-0.0101996268,481.4352754783,0.1498099659
2022-04-06,0.0026563491,-0.0035888935,482.7158356967,0.1462210723
2022-04-07,-0.0055026626,0.0056937371,480.0669080867,0.1519148094
2022-04-08,-0.0044286806,0.0035797569,477.9455459767,0.1554945663
2022-04-11,0.0009341947,-0.0069068311,478.3922487795,0.1485877352
2022-04-12,-0.0006853838,-0.0028510437,478.0644788039,0.1457366915
2022-04-13,0.0083336561,-0.0037797505,482.0651507111,0.1419569411
2022-04-14,-0.0055356954,-0.0050849218,479.4039574414,0.1368720193
2022-04-15,0.0028651163,0.0017350691,480.7794750918,0.1386070884
2022-04-18,0.0097157250,0.0045965346,485.4733615661,0.1432036230
2022-04-19,-0.0042260736,-0.0027538268,483.4260445047,0.1404497962
2022-04-20,0.0012243047,-0.0053648671,484.0182677350,0.1350849291
2022-04-21,-0.0082836873,0.0110321632,480.0253725204,0.1461170923
2022-04-22,0.0030323528,-0.0027002389,481.4831880114,0.1434168534
2022-04-25,0.0115131465,0.0023772900,487.0586082161,0.1457941434
2022-04-26,0.0016148238,-0.0032163950,487.8457574401,0.1425777484
2022-04-27,0.0049005725,-0.0027484633,490.2423484701,0.1398292851
2022-04-28,0.0002958181,-0.0055348923,490.3873924927,0.1342943927
2022-04-29,-0.0021099478,-0.0054735800,489.3537914991,0.1288208127
2022-05-02,-0.0027528917,0.0020949603,488.0085060479,0.1309157731
2022-05-03,0.0031431333,-0.0042638872,489.5447949365,0.1266518859
2022-05-04,0.0059792928,-0.0048769249,492.4806951786,0.1217749610
2022-05-05,0.0013255592,0.0051066719,493.1339403470,0.1268816329
2022-05-06,-0.0095696879,0.0178061113,488.4373109091,0.1446877442
2022-05-09,-0.0061254088,0.0036854555,485.4545772821,0.1483731997
2022-05-10,-0.0006820343,-0.0049493110,485.1235934871,0.1434238887
2022-05-11,-0.0077115062,0.0060169670,481.3969473732,0.1494408556
2022-05-12,0.0076217881,-0.0070568940,485.0800710731,0.1423839616
2022-05-13,0.0025275087,-0.0038423593,486.3076659152,0.1385416023
2022-05-16,0.0125867894,0.0069372489,492.4674024307,0.1454788512
2022-05-17,-0.0096885311,0.0088440892,487.7191556012,0.1543229404
2022-05-18,-0.0168210988,0.0336607200,479.5837981463,0.1879836604
2022-05-19,-0.0040971201,-0.0090805728,477.6229054879,0.1789030876
2022-05-20,-0.0022816912,-0.0059515947,476.5343598557,0.1729514929
2022-05-23,-0.0084995196,-0.0037515112,472.5012108998,0.1691999817
2022-05-24,-0.0076355550,0.0008852607,468.9071407155,0.1700852425
2022-05-25,-0.0049770814,-0.0057597062,466.5791498351,0.1643255363
2022-05-26,-0.0008798916,-0.0111491960,466.1687913032,0.1531763402
2022-05-27,0.0016680510,-0.0064395357,466.9470335363,0.1467368045
2022-05-30,0.0110265536,0.0021662623,472.1243415128,0.1489030667
2022-05-31,0.0115552385,0.0001258322,477.6114925147,0.1490288989
2022-06-01,-0.0085965985,0.0090755813,473.5232559262,0.1581044802
2022-06-02,0.0179436781,0.0079512436,482.0966942771,0.1660557238
2022-06-03,-0.0011136564,-0.0023172125,481.5601030335,0.1637385114
2022-06-06,-0.0002813801,-0.0031701315,481.4246206523,0.1605683799
2022-06-07,0.0041626804,-0.0072698658,483.4328143253,0.1532985141
2022-06-08,-0.0024042912,0.0012969173,482.2718971961,0.1545954314
2022-06-09,-0.0047189653,-0.0074235165,480.0014341672,0.1471719150
2022-06-10,0.0187224183,0.0165182234,489.0728765072,0.1636901384
2022-06-13,0.0258565704,0.0263945830,501.8835298409,0.1900847214
2022-06-14,-0.0110329035,0.0087674137,496.3767311577,0.1988521352
2022-06-15,0.0025958197,-0.0149005775,497.6669094830,0.1839515577
2022-06-16,0.0108322157,-0.0070096905,503.0870478721,0.1769418672
2022-06-17,-0.0083035231,-0.0020552888,498.9269486065,0.1748865784
2022-06-20,0.0067041978,-0.0047058170,502.2830911071,0.1701807615
2022-06-21,-0.0073749973,0.0005560533,498.5923808602,0.1707368147
2022-06-22,0.0110347497,-0.0006838254,504.1246906828,0.1700529893
2022-06-23,0.0008997742,-0.0075666835,504.5784931940,0.1624863058
2022-06-24,0.0039542261,-0.0079283962,506.5776606258,0.1545579097
2022-06-27,-0.0025186740,-0.0097593945,505.3033621002,0.1447985151
2022-06-28,0.0141288969,0.0045396899,512.4934153605,0.1493382050
2022-06-29,0.0068876056,-0.0001725509,516.0354519749,0.1491656541
2022-06-30,-0.0066780066,0.0053820076,512.6008447466,0.1545476617
2022-07-01,-0.0015564908,-0.0069723783,511.8036068650,0.1475752834
2022-07-04,0.0009564259,-0.0004509082,512.2933432282,0.1471243752
2022-07-05,0.0046217103,-0.0087943034,514.6664944162,0.1383300717
2022-07-06,0.0003953612,-0.0008267987,514.8700138076,0.1375032731
2022-07-07,-0.0007310647,-0.0080100747,514.4937480608,0.1294931984
2022-07-08,-0.0058342401,0.0033586026,511.5008072736,0.1328518009
2022-07-11,-0.0029486824,-0.0057349155,509.9947753634,0.1271168855
2022-07-12,-0.0058555885,-0.0010991068,507.0171821033,0.1260177787
2022-07-13,0.0096253187,0.0008264309,511.9209463476,0.1268442096
2022-07-14,0.0160720374,0.0178962529,520.2150318516,0.1447404625
2022-07-15,0.0098132173,-0.0016535742,525.3451453082,0.1430868883
2022-07-18,0.0026633660,-0.0014700148,526.7461966546,0.1416168735
2022-07-19,0.0003571885,-0.0035959916,526.9343779487,0.1380208819
2022-07-20,-0.0048031570,0.0009004235,524.4094979446,0.1389213054
2022-07-21,-0.0041669334,-0.0000250355,522.2288649392,0.1388962699
2022-07-22,0.0128217656,0.0082693894,528.9678717091,0.1471656592
2022-07-25,-0.0010138819,-0.0093175116,528.4318325333,0.1378481476
2022-07-26,-0.0075997376,0.0051969223,524.4311107557,0.1430450699
2022-07-27,-0.0030991029,-0.0015179910,522.8083606051,0.1415270789
2022-07-28,0.0044672379,-0.0053095793,525.1490943404,0.1362174996
2022-07-29,-0.0072339524,0.0058392376,521.3638982485,0.1420567373
2022-08-01,0.0007961649,-0.0082301875,521.7791551607,0.1338265497
2022-08-02,-0.0015882989,-0.0002395392,520.9510717065,0.1335870106
2022-08-03,0.0134222918,0.0047523856,527.9905664178,0.1383393961
2022-08-04,0.0084503084,-0.0007530059,532.4711540463,0.1375863902
2022-08-05,-0.0069943563,0.0067505450,528.7598552819,0.1443369352
2022-08-08,0.0111693027,0.0069486573,534.6988395494,0.1512855925
2022-08-09,-0.0100864324,0.0072865639,529.3327437419,0.1585721564
2022-08-10,0.0000004003,-0.0082629091,529.3329556275,0.1503092474
2022-08-11,-0.0152746486,0.0299991153,521.3090181462,0.1803083627
2022-08-12,-0.0152178077,0.0083666957,513.4358955181,0.1886750584
2022-08-15,-0.0135948482,0.0173240101,506.5030447384,0.2059990684
2022-08-16,-0.0128947744,0.0128684050,500.0137313013,0.2188674735
2022-08-17,0.0178736933,-0.0022632959,509.0311707884,0.2166041775
2022-08-18,-0.0075910830,0.0002180971,505.1817022278,0.2168222746
2022-08-19,-0.0082719671,-0.0019241461,501.0200918737,0.2148981284
2022-08-22,-0.0156945923,0.0164403941,493.2181699260,0.2313385226
2022-08-23,0.0144845484,-0.0127183474,500.4142021828,0.2186201751
2022-08-24,-0.0011654565,-0.0122474378,499.8313309420,0.2063727374
2022-08-25,0.0044780299,-0.0094339578,502.0746095971,0.1969387795
2022-08-26,-0.0075674555,-0.0040642912,498.2895221360,0.1928744883
2022-08-29,0.0061303863,-0.0083236690,501.3536118079,0.1845508194
2022-08-30,0.0063908224,-0.0070487846,504.5679338526,0.1775020348
2022-08-31,-0.0279989572,0.0600343766,490.6365007700,0.2375364114
2022-09-01,0.0227491723,0.0049303661,501.9260015635,0.2424667775
2022-09-02,0.0093954366,-0.0115942434,506.6640385996,0.2308725341
2022-09-05,-0.0059253006,-0.0081421079,503.6707786079,0.2227304263
2022-09-06,-0.0107620836,-0.0016013551,498.2792954165,0.2211290712
2022-09-07,0.0090743870,-0.0073217082,502.8214520525,0.2138073630
2022-09-08,0.0029009912,-0.0084032509,504.2822504958,0.2054041121
2022-09-09,0.0065047988,-0.0006340099,507.5731969487,0.2047701022
2022-09-12,0.0019629212,-0.0124895011,508.5705016527,0.1922806011
2022-09-13,0.0026590420,-0.0014837669,509.9246114877,0.1907968342
2022-09-14,-0.0080033024,-0.0019239975,505.8598181982,0.1888728367
2022-09-15,-0.0161581598,0.0171428753,497.7517366676,0.2060157120
2022-09-16,-0.0099468718,-0.0047622570,492.8252063622,0.2012534550
2022-09-19,0.0182927417,0.0077876110,501.9232913236,0.2090410660
2022-09-20,0.0038664364,-0.0150673229,503.8677023578,0.1939737431
2022-09-21,0.0022760236,-0.0046753890,505.0158232117,0.1892983541
2022-09-22,0.0131336031,0.0007122190,511.6922473537,0.1900105731
2022-09-23,-0.0007177069,-0.0104704741,511.3251340372,0.1795400990
2022-09-26,0.0233028188,0.0138775455,523.3803659036,0.1934176445
2022-09-27,0.0022889961,-0.0063612730,524.5797536995,0.1870563715
2022-09-28,0.0030110793,-0.0070356415,526.1616854180,0.1800207300
2022-09-29,0.0002915157,-0.0046041025,526.3150921901,0.1754166276
2022-09-30,-0.0134908935,0.0147360616,519.2623124487,0.1901526892
2022-10-03,0.0107431050,-0.0051966229,524.8708747644,0.1849560663
2022-10-04,0.0172781693,0.0075451505,534.0184820040,0.1925012168
2022-10-05,-0.0040783220,-0.0113297615,531.8450177612,0.1811714553
2022-10-06,0.0303571010,0.0346371367,548.2378512723,0.2158085921
2022-10-07,0.0127569124,-0.0036809574,555.2764735868,0.2121276347
2022-10-10,0.0239311974,0.0078505289,568.7251845234,0.2199781636
2022-10-11,0.0026532030,-0.0142881542,570.2361314030,0.2056900094
2022-10-12,-0.0008788634,-0.0106104095,569.7351918878,0.1950795998
2022-10-13,-0.0070491719,-0.0102687537,565.7331526594,0.1848108461
2022-10-14,0.0153387578,0.0078089545,574.4776901971,0.1926198006
2022-10-17,-0.0075385083,0.0016896049,570.1632679563,0.1943094055
2022-10-18,-0.0297964243,0.0704797146,553.4250492075,0.2647891201
2022-10-19,0.0139970512,-0.0079377073,561.2258345683,0.2568514128
2022-10-20,-0.0114085420,0.0044871612,554.8594506720,0.2613385740
2022-10-21,-0.0077066387,-0.0070010870,550.5997842738,0.2543374870
2022-10-24,0.0124049482,-0.0119631210,557.4724857126,0.2423743661
2022-10-25,-0.0034460440,-0.0196592920,555.5547172353,0.2227150740
2022-10-26,0.0013306616,-0.0170130525,556.2944646428,0.2057020215
2022-10-27,0.0064101581,-0.0029362113,559.8718536916,0.2027658102
2022-10-28,0.0114953115,-0.0025565851,566.3448885659,0.2002092251
2022-10-31,0.0128905792,-0.0073037204,573.6926589944,0.1929055047
2022-11-01,0.0027120263,-0.0052686439,575.2506402704,0.1876368609
2022-11-02,0.0089344855,-0.0059477468,580.4132370112,0.1816891140
2022-11-03,0.0051222243,-0.0089963668,583.3938710201,0.1726927472
2022-11-04,0.0134301063,-0.0004876774,591.2817617708,0.1722050698
2022-11-07,-0.0045657464,-0.0060302971,588.5882727586,0.1661747727
2022-11-08,0.0089181519,0.0041752485,593.8608683397,0.1703500212
2022-11-09,-0.0107362399,0.0038401676,587.5191396713,0.1741901888
2022-11-10,0.0193946899,0.0085920766,599.0251078784,0.1827822654
2022-11-11,0.0104994935,0.0025671825,605.3477020160,0.1853494479
2022-11-14,-0.0112883663,0.0127319429,598.5527395823,0.1980813908
2022-11-15,0.0044375366,-0.0121109668,601.2147412511,0.1859704240
2022-11-16,-0.0229974443,0.0556946932,587.5461129274,0.2416651172
2022-11-17,0.0042623469,-0.0074830366,590.0557830145,0.2341820806
2022-11-18,-0.0346717460,0.0816107070,569.9481170006,0.3157927875
2022-11-21,-0.0079223054,-0.0059272044,565.4506526314,0.3098655832
2022-11-22,-0.0224664829,0.0130732232,552.8886060853,0.3229388063
2022-11-23,0.0011959351,-0.0154014360,553.5502205258,0.3075373703
2022-11-24,-0.0035606435,-0.0207407368,551.5827303750,0.2867966335
2022-11-25,-0.0041377367,-0.0212269518,549.3051415553,0.2655696817
2022-11-28,-0.0017801196,-0.0102130969,548.3281825173,0.2553565849
2022-11-29,-0.0181444606,0.0161058885,538.4687806588,0.2714624733
2022-11-30,-0.0351973590,0.0742200152,519.8457647084,0.3456824885
2022-12-01,-0.0507291356,0.1217376011,494.1321668506,0.4674200897
2022-12-02,0.0025594997,-0.0278542671,495.3985178840,0.4395658226
2022-12-05,0.0710634345,0.0647727697,531.8842868785,0.5043385923
2022-12-06,0.0044828786,-0.0337905889,534.2740120061,0.4705480034
2022-12-07,0.0281178212,-0.0107850452,549.5098283268,0.4597629582
2022-12-08,0.0202307902,-0.0191199795,560.7400616046,0.4406429788
2022-12-09,-0.0137759408,-0.0169625412,553.0683038829,0.4236804376
2022-12-12,-0.0038397675,-0.0260705542,550.9487221403,0.3976098833
2022-12-13,-0.0258205590,0.0124119060,536.9050066710,0.4100217893
2022-12-14,0.0017890301,-0.0295756674,537.8664056235,0.3804461219
2022-12-15,0.0105984458,-0.0201901575,543.5972690679,0.3602559644
2022-12-16,-0.0108269455,-0.0168727389,537.7435173903,0.3433832254
2022-12-19,-0.0311189647,0.0435495866,521.2671886127,0.3869328120
2022-12-20,0.0182205316,-0.0184454299,530.8520089992,0.3684873821
2022-12-21,0.0038182652,-0.0221648368,532.8828173814,0.3463225452
2022-12-22,-0.0188342536,0.0029197984,522.9402911987,0.3492423437
2022-12-23,-0.0048229534,-0.0148121841,520.4242467986,0.3344301596
2022-12-26,0.0073561274,-0.0153626661,524.2666692304,0.3190674935
2022-12-27,0.0042479473,-0.0170739589,526.4984633082,0.3019935346
2022-12-28,-0.0072401186,-0.0039917464,522.7003181020,0.2980017882
2022-12-29,-0.0124502513,-0.0046372000,516.2329117383,0.2933645882
2022-12-30,0.0044901124,-0.0142334955,518.5560672332,0.2791310927
2023-01-02,0.0033019085,-0.0039650294,520.2711218572,0.2751660633
2023-01-03,-0.0035125404,-0.0176172780,518.4468542935,0.2575487854
2023-01-04,-0.0022021999,-0.0094917652,517.3063869377,0.2480570202
2023-01-05,0.0153852649,-0.0026880194,525.3268227951,0.2453690008
2023-01-06,-0.0094673731,-0.0095106447,520.3768264813,0.2358583561
2023-01-09,0.0029494929,-0.0142185050,521.9139399865,0.2216398511
2023-01-10,0.0090670364,-0.0043435291,526.6676712202,0.2172963219
2023-01-11,-0.0052945240,-0.0134224853,523.8865853451,0.2038738366
2023-01-12,-0.0118922528,0.0049849189,517.6932927400,0.2088587556
2023-01-13,0.0003880059,-0.0061539438,517.8941997829,0.2027048118
2023-01-16,0.0010196923,-0.0103707761,518.4225618608,0.1923340357
2023-01-17,-0.0020934231,-0.0070492801,517.3384192952,0.1852847556
2023-01-18,0.0022835857,-0.0104879734,518.5211558541,0.1747967821
2023-01-19,-0.0095063826,0.0016584950,513.6152509875,0.1764552772
2023-01-20,0.0085966314,-0.0061475044,518.0496451155,0.1703077728
2023-01-23,-0.0018031368,-0.0076975775,517.1163724076,0.1626101953
2023-01-24,0.0030610657,-0.0030766276,518.7017248020,0.1595335677
2023-01-25,0.0079493435,-0.0022070646,522.8414954149,0.1573265031
2023-01-26,0.0053786445,0.0037169673,525.6612503847,0.1610434704
2023-01-27,0.0038117304,-0.0031035611,527.6687529760,0.1579399093
2023-01-30,-0.0009551089,-0.0046041699,527.1650124641,0.1533357394
2023-01-31,-0.0024976075,0.0044469232,525.8500040564,0.1577826626
2023-02-01,-0.0035631886,-0.0043523655,523.9796355315,0.1534302971
2023-02-02,0.0033933447,-0.0079827505,525.7606992198,0.1454475466
2023-02-03,0.0002923662,-0.0040951243,525.9144363434,0.1413524223
2023-02-06,0.0096852846,-0.0027081902,531.0328137756,0.1386442320
2023-02-07,0.0013922362,-0.0018612003,531.7726517899,0.1367830318
2023-02-08,0.0068946354,0.0046171535,535.4516985902,0.1414001852
2023-02-09,-0.0049842809,0.0023570881,532.7894970014,0.1437572733
2023-02-10,-0.0034718928,-0.0041626252,530.9429163925,0.1395946481
2023-02-13,0.0125044124,0.0051393892,537.6237283235,0.1447340373
2023-02-14,0.0030714423,-0.0021237527,539.2775470941,0.1426102846
2023-02-15,0.0039256255,0.0012320109,541.3987095299,0.1438422955
2023-02-16,-0.0033581703,-0.0042576782,539.5836498146,0.1395846173
2023-02-17,-0.0019209971,-0.0051625384,538.5481061607,0.1344220789
2023-02-20,0.0007773990,0.0007260722,538.9669357218,0.1351481511
2023-02-21,-0.0014929393,-0.0024355564,538.1628911253,0.1327125947
2023-02-22,0.0071783798,0.0014482050,542.0399275188,0.1341607997
2023-02-23,-0.0041749619,0.0014069563,539.7816488468,0.1355677560
2023-02-24,-0.0073074113,0.0023785898,535.8516189947,0.1379463458
2023-02-27,0.0173914985,0.0139042076,545.2523914140,0.1518505534
2023-02-28,-0.0041702867,0.0015914790,542.9832673485,0.1534420324
2023-03-01,-0.0103031099,0.0095687783,537.4175723038,0.1630108106
2023-03-02,-0.0002843802,-0.0070619353,537.2647631322,0.1559488754
2023-03-03,0.0038350359,-0.0036080043,539.3291487676,0.1523408711
2023-03-06,-0.0028392511,-0.0025380233,537.8000296768,0.1498028477
2023-03-07,-0.0033283836,0.0067322546,536.0130005133,0.1565351024
2023-03-08,-0.0100828696,0.0064147902,530.6356066695,0.1629498925
2023-03-09,0.0062859642,-0.0035207396,533.9816686758,0.1594291530
2023-03-10,0.0030041207,0.0025320421,535.5882259724,0.1619611951
2023-03-13,-0.0038461149,-0.0038682824,533.5322484327,0.1580929127
2023-03-14,0.0058773820,-0.0023284451,536.6772544002,0.1557644676
2023-03-15,0.0041261076,-0.0104298029,538.8962171790,0.1453346647
2023-03-16,-0.0022565101,0.0000217784,537.6815633519,0.1453564431
2023-03-17,0.0025952622,-0.0007965976,539.0788003127,0.1445598454
2023-03-20,-0.0012679643,-0.0010853434,538.3957008236,0.1434745020
2023-03-21,0.0050552771,-0.0035292755,541.1243314375,0.1399452266
2023-03-22,-0.0001943386,-0.0026829076,541.0191802845,0.1372623190
2023-03-23,0.0015690468,-0.0039847948,541.8687310323,0.1332775242
2023-03-24,0.0043392618,0.0012102209,544.2251501686,0.1344877451
2023-03-27,-0.0009083915,-0.0035008291,543.7310051576,0.1309869160
2023-03-28,-0.0042739231,0.0032475174,541.4120996184,0.1342344334
2023-03-29,-0.0020428001,-0.0081089680,540.3072318093,0.1261254654
2023-03-30,0.0061416488,-0.0013798138,543.6358201191,0.1247456516
2023-03-31,-0.0026635661,-0.0126227084,542.1897369033,0.1121229432
2023-04-03,-0.0008658913,-0.0018008516,541.7204627368,0.1103220916
2023-04-04,-0.0006846186,0.0019892119,541.3497177365,0.1123113035
2023-04-05,0.0139878719,0.0112503701,548.9752564105,0.1235616736
2023-04-06,-0.0049291722,0.0110049126,546.2759210229,0.1345665862
2023-04-07,0.0110259548,0.0003060247,552.3324628790,0.1348726109
2023-04-10,0.0119436017,0.0039088977,558.9688541227,0.1387815086
2023-04-11,-0.0188544097,0.0409182166,548.5285584104,0.1796997252
2023-04-12,0.0117468598,-0.0030327523,555.0100404947,0.1766669729
2023-04-13,0.0021071778,-0.0088648164,556.1807783672,0.1678021565
2023-04-14,0.0080707745,-0.0090966279,560.6877509201,0.1587055287
2023-04-17,-0.0108195513,0.0053493610,554.6540607798,0.1640548897
2023-04-18,0.0067521965,0.0042605072,558.4118664197,0.1683153969
2023-04-19,-0.0018449437,-0.0071309681,557.3825777712,0.1611844288
2023-04-20,-0.0011277093,-0.0021347345,556.7543665578,0.1590496943
2023-04-21,0.0051449119,-0.0094320879,559.6262000790,0.1496176064
2023-04-24,-0.0114310423,0.0124295377,553.2655132277,0.1620471441
2023-04-25,0.0049174285,-0.0026170285,555.9928570949,0.1594301157
2023-04-26,-0.0023767036,-0.0057184491,554.6729959657,0.1537116665
2023-04-27,-0.0121481977,0.0124640083,547.9754824614,0.1661756749
2023-04-28,-0.0031479375,-0.0057988943,546.2532021559,0.1603767806
2023-05-01,-0.0092418478,0.0054739589,541.2280696991,0.1658507395
2023-05-02,0.0043369592,-0.0020710000,543.5804511529,0.1637797395
2023-05-03,-0.0223569175,0.0564120812,531.5625104615,0.2201918208
2023-05-04,0.0140935206,-0.0081562143,539.1071379338,0.2120356065
2023-05-05,0.0056265214,-0.0169372253,542.1489852937,0.1950983812
2023-05-08,-0.0041087374,-0.0074747402,539.9260074002,0.1876236410
2023-05-09,0.0145900604,0.0012216381,547.8613079558,0.1888452791
2023-05-10,0.0288964186,0.0286309115,563.9234897621,0.2174761906
2023-05-11,0.0213810714,0.0111676113,576.1106006075,0.2286438019
2023-05-12,0.0110660878,-0.0093389229,582.5212963646,0.2193048790
2023-05-15,-0.0128880476,0.0140230774,575.0619058896,0.2333279565
2023-05-16,0.0045793043,-0.0100125167,577.7013281194,0.2233154397
2023-05-17,0.0043564867,-0.0173669063,580.2235663543,0.2059485334
2023-05-18,0.0100968346,-0.0015319651,586.1116632839,0.2044165683
2023-05-19,0.0106202909,-0.0036497047,592.3695109334,0.2007668636
2023-05-22,-0.0182779105,0.0269813283,581.6405839084,0.2277481919
2023-05-23,-0.0003417208,-0.0177028824,581.4418591813,0.2100453095
2023-05-24,-0.0051341595,-0.0082929584,578.4642941215,0.2017523511
2023-05-25,-0.0009912475,-0.0084909398,577.8911769127,0.1932614113
2023-05-26,0.0080104572,-0.0063685606,582.5389399342,0.1868928507
2023-05-29,0.0010201038,-0.0053069592,583.1334933435,0.1815858914
2023-05-30,-0.0097458485,0.0087459070,577.4779663807,0.1903317984
2023-05-31,0.0070316682,-0.0001502764,581.5529098929,0.1901815220
2023-06-01,0.0062314705,-0.0017688196,585.1881543850,0.1884127025
2023-06-02,-0.0067824796,-0.0032529293,581.2325572363,0.1851597732
2023-06-05,0.0057010687,0.0002251577,584.5556676142,0.1853849309
2023-06-06,-0.0064095186,-0.0018606956,580.8209288951,0.1835242354
2023-06-07,0.0032972135,-0.0042135929,582.7391801937,0.1793106424
2023-06-08,0.0076014278,-0.0057202309,587.1857085830,0.1735904116
2023-06-09,-0.0097780962,0.0002386227,581.4721297164,0.1738290342
2023-06-12,0.0125270197,-0.0081973595,588.8020577729,0.1656316747
2023-06-13,0.0191342482,0.0124072057,600.1768192234,0.1780388804
2023-06-14,-0.0014407378,-0.0098559198,599.3127443849,0.1681829606
2023-06-15,-0.0170751482,0.0282236619,589.1662633344,0.1964066225
2023-06-16,0.0086121607,-0.0020558194,594.2621697878,0.1943508030
2023-06-19,0.0055585122,-0.0134489445,597.5745808288,0.1809018585
2023-06-20,0.0110247890,-0.0089611713,604.1991647306,0.1719406873
2023-06-21,0.0074143078,-0.0030918956,608.6955314459,0.1688487916
2023-06-22,0.0018180839,-0.0048946048,609.8031975832,0.1639541868
2023-06-23,-0.0108612123,0.0076842943,603.2158337258,0.1716384811
2023-06-26,0.0021746575,-0.0086296089,604.5290489336,0.1630088722
2023-06-27,-0.0074332814,-0.0052525517,600.0520743187,0.1577563205
2023-06-28,0.0075035350,-0.0030299221,604.5715207828,0.1547263984
2023-06-29,0.0118860800,-0.0010781038,611.8003825280,0.1536482946
2023-06-30,-0.0099232450,0.0092614593,605.7593603025,0.1629097539
2023-07-03,0.0057171092,-0.0005937085,609.2324713336,0.1623160454
2023-07-04,-0.0125995687,0.0117553369,601.6045600509,0.1740713823
2023-07-05,0.0052794580,-0.0039738587,604.7891050149,0.1700975236
2023-07-06,0.0022903316,-0.0056814341,606.1758600490,0.1644160895
2023-07-07,0.0138197626,0.0060973736,614.6112195874,0.1705134630
2023-07-10,-0.0238827834,0.0623069678,600.1064890856,0.2328204309
2023-07-11,-0.0118144795,0.0043910680,593.0582608400,0.2372114989
2023-07-12,-0.0053974148,-0.0064720846,589.8659023822,0.2307394143
2023-07-13,0.0017420624,-0.0084599732,590.8943811813,0.2222794411
2023-07-14,0.0027706447,-0.0125315097,592.5338096767,0.2097479314
2023-07-17,0.0003289940,-0.0101494529,592.7287817938,0.1995984785
2023-07-18,-0.0003105296,-0.0079296482,592.5447505448,0.1916688304
2023-07-19,-0.0046008145,-0.0011708363,589.8248237738,0.1904979941
2023-07-20,0.0001167307,-0.0035296536,589.8936784653,0.1869683405
2023-07-21,0.0102738500,0.0058700269,595.9853967332,0.1928383674
2023-07-24,0.0016610008,-0.0132653034,596.9761515749,0.1795730640
2023-07-25,0.0005873452,-0.0079853222,597.3268856675,0.1715877418
2023-07-26,0.0069247739,-0.0113629876,601.4775940836,0.1602247542
2023-07-27,-0.0113106060,0.0095122983,594.7128468293,0.1697370525
2023-07-28,0.0073135870,-0.0105711648,599.0782750004,0.1591658877
2023-07-31,-0.0030094358,0.0000894634,597.2780975306,0.1592553511
2023-08-01,-0.0110526676,0.0136876673,590.7129294145,0.1729430184
2023-08-02,-0.0098401703,0.0011464017,584.9287190908,0.1740894202
2023-08-03,0.0021490897,-0.0055413006,586.1871350922,0.1685481196
2023-08-04,-0.0104853220,0.0104757983,580.0728851967,0.1790239179
2023-08-07,0.0042410474,0.0002213436,582.5382259159,0.1792452615
2023-08-08,0.0025956554,-0.0040686332,584.0522584854,0.1751766283
2023-08-09,0.0138423504,0.0030146984,592.1931289263,0.1781913266
2023-08-10,0.0033659224,-0.0074224671,594.1897633946,0.1707688596
2023-08-11,0.0046830147,-0.0033224161,596.9788884388,0.1674464434
2023-08-14,-0.0000741638,-0.0055118551,596.9346158779,0.1619345883
2023-08-15,0.0036804578,-0.0073595336,599.1356564931,0.1545750548
2023-08-16,-0.0120359934,0.0103504863,591.9676870287,0.1649255411
2023-08-17,-0.0027604216,-0.0011330169,590.3358599271,0.1637925242
2023-08-18,-0.0027273207,-0.0081436958,588.7280182414,0.1556488284
2023-08-21,0.0088343646,-0.0022927703,593.9520979525,0.1533560581
2023-08-22,-0.0075663672,0.0060753662,589.4749973232,0.1594314243
2023-08-23,0.0046788356,-0.0049357496,592.2395162569,0.1544956747
2023-08-24,-0.0090054746,0.0106654962,586.9300613276,0.1651611710
2023-08-25,-0.0149908302,0.0184371461,578.1971130303,0.1835983170
2023-08-28,0.0176015123,0.0094358651,588.4643509881,0.1930341821
2023-08-29,-0.0159638287,0.0145336570,579.1447927241,0.2075678391
2023-08-30,0.0171392822,-0.0037188134,589.1564701450,0.2038490257
2023-08-31,-0.0033270021,-0.0122842931,587.1996024104,0.1915647326
2023-09-01,-0.0064239516,-0.0032331863,583.4395506888,0.1883315463
2023-09-04,-0.0028377672,-0.0098458463,581.7862320201,0.1784857000
2023-09-05,-0.0034360026,-0.0113453858,579.7906433975,0.1671403143
2023-09-06,0.0035819850,-0.0008827706,581.8711687473,0.1662575437
2023-09-07,0.0013683122,-0.0100492223,582.6678951101,0.1562083213
2023-09-08,-0.0004900190,-0.0058460523,582.3824466871,0.1503622691
2023-09-11,-0.0051844736,-0.0002146550,579.3709136048,0.1501476141
2023-09-12,-0.0048584990,-0.0035296818,576.5628675587,0.1466179323
2023-09-13,-0.0037746825,-0.0011529780,574.3906281281,0.1454649543
2023-09-14,-0.0013400714,-0.0018342522,573.6214192140,0.1436307020
2023-09-15,-0.0095092338,0.0082922793,568.1925719985,0.1519229813
2023-09-18,-0.0175075283,0.0380792624,558.3314978630,0.1900022437
2023-09-19,-0.0005949544,-0.0107182595,557.9994148793,0.1792839842
2023-09-20,-0.0044709313,-0.0092306536,555.5102065236,0.1700533305
2023-09-21,-0.0071489592,0.0005840410,551.5530483675,0.1706373716
2023-09-22,0.0123122875,-0.0032301774,558.3859057943,0.1674071942
2023-09-25,-0.0028738560,-0.0038560848,556.7834887536,0.1635511094
2023-09-26,-0.0085932645,0.0030287813,552.0193998015,0.1665798907
2023-09-27,0.0043324691,-0.0073104878,554.4161950652,0.1592694029
2023-09-28,0.0004459845,-0.0034454655,554.6635112328,0.1558239374
2023-09-29,0.0019922306,-0.0031631039,555.7696303000,0.1526608335
2023-10-02,-0.0068223501,-0.0104063877,551.9908799405,0.1422544459
2023-10-03,-0.0057701026,-0.0007353509,548.8150073113,0.1415190950
2023-10-04,-0.0035060806,-0.0018151520,546.8941869180,0.1397039431
2023-10-05,-0.0061492070,0.0034607897,543.5415399746,0.1431647328
2023-10-06,0.0019596256,-0.0063023161,544.6077222088,0.1368624167
2023-10-09,0.0009302585,-0.0082888733,545.1145838724,0.1285735434
2023-10-10,0.0093958099,0.0027729943,550.2605140942,0.1313465376
2023-10-11,-0.0060170845,0.0050266006,546.9594913027,0.1363731382
2023-10-12,0.0085851196,-0.0075938767,551.6754183690,0.1287792615
2023-10-13,-0.0013005065,-0.0087043299,550.9584272454,0.1200749316
2023-10-16,-0.0080182264,0.0054456157,546.5583816966,0.1255205473
2023-10-17,0.0073954334,-0.0097507316,550.6154010034,0.1157698157
2023-10-18,0.0012751314,-0.0039668583,551.3179558059,0.1118029574
2023-10-19,-0.0008478767,0.0020654836,550.8507042674,0.1138684409
2023-10-20,0.0046897775,-0.0044040182,553.4401387122,0.1094644228
2023-10-23,0.0030183889,0.0000124417,555.1131599330,0.1094768645
2023-10-24,-0.0038361426,-0.0021819067,552.9877459883,0.1072949579
2023-10-25,-0.0024431398,0.0017861997,551.6383686678,0.1090811575
2023-10-26,0.0286099215,0.0477130350,567.6486332687,0.1567941925
2023-10-27,-0.0028016259,0.0007810634,566.0605198206,0.1575752559
2023-10-30,-0.0077858664,0.0027595216,561.6703610111,0.1603347775
2023-10-31,-0.0156837076,0.0287205102,552.9300070337,0.1890552877
2023-11-01,-0.0081447392,0.0010257603,548.4448264587,0.1900810479
2023-11-02,-0.0027658378,-0.0093936066,546.9300128756,0.1806874413
2023-11-03,0.0054435778,-0.0003420849,549.9153871639,0.1803453564
2023-11-06,-0.0023792198,-0.0093724390,548.6085727805,0.1709729174
2023-11-07,-0.0136914250,0.0170836565,541.1485255364,0.1880565739
2023-11-08,0.0201019682,0.0194767721,552.1367484086,0.2075333459
2023-11-09,-0.0156783180,0.0200112982,543.5476798928,0.2275446441
2023-11-10,0.0039823300,-0.0142578831,545.7165818928,0.2132867610
2023-11-13,-0.0112082885,0.0042675597,539.6341832970,0.2175543207
2023-11-14,-0.0073894827,-0.0070864372,535.6612628025,0.2104678834
2023-11-15,-0.0126093535,0.0062380326,528.9493260814,0.2167059160
2023-11-16,0.0270575690,0.0116916099,543.4567922540,0.2283975259
2023-11-17,0.0057758915,-0.0091660936,546.6048223100,0.2192314323
2023-11-20,0.0004610373,-0.0168299492,546.8568855968,0.2024014831
2023-11-21,0.0030400341,-0.0073657680,548.5218787314,0.1950357151
2023-11-22,-0.0058047334,-0.0034211085,545.3470788336,0.1916146066
2023-11-23,0.0046231345,-0.0041519796,547.8741286683,0.1874626270
2023-11-24,-0.0088336871,0.0099009948,543.0556936748,0.1973636218
2023-11-27,0.0089846261,-0.0120871622,547.9568305235,0.1852764595
2023-11-28,0.0113424392,-0.0068253882,554.2073787700,0.1784510714
2023-11-29,-0.0004097033,-0.0113898603,553.9803646596,0.1670612110
2023-11-30,-0.0062028138,-0.0037600641,550.5547627776,0.1633011469
2023-12-01,-0.0043761156,-0.0000781494,548.1507354988,0.1632229975
2023-12-04,-0.0005959681,-0.0074508672,547.8241524793,0.1557721303
2023-12-05,0.0076501519,-0.0047201687,552.0311620834,0.1510519617
2023-12-06,-0.0335778429,0.1066931210,533.8028920750,0.2577450827
2023-12-07,-0.0027536797,-0.0150451860,532.3349918533,0.2426998967
2023-12-08,-0.0017158104,-0.0135505087,531.4223891017,0.2291493879
2023-12-11,0.0029938595,-0.0111614501,533.0157770747,0.2179879379
2023-12-12,-0.0132126969,0.0007010742,526.0195226338,0.2186890120
2023-12-13,0.0126877363,-0.0045792373,532.7360382061,0.2141097747
2023-12-14,0.0144434238,0.0002009945,540.4864067717,0.2143107692
2023-12-15,-0.0020056790,-0.0082215170,539.4034509138,0.2060892523
2023-12-18,-0.0033747971,-0.0132354366,537.5861419559,0.1928538157
2023-12-19,-0.0194050257,0.0328574598,527.2548328838,0.2257112754
2023-12-20,-0.0276563606,0.0573146602,512.8726788115,0.2830259356
2023-12-21,-0.0229672390,0.0252765553,501.2276483860,0.3083024910
2023-12-22,-0.0188528952,0.0033022693,491.8665749928,0.3116047603
2023-12-25,-0.0201103514,0.0049168048,482.0737637953,0.3165215650
2023-12-26,-0.0031256640,-0.0163419272,480.5693156270,0.3001796378
2023-12-27,-0.0031890461,-0.0194674637,479.0391990139,0.2807121742
2023-12-28,-0.0125723265,-0.0079902904,473.0542629070,0.2727218838
2023-12-29,0.0132110926,-0.0052012407,479.3452907627,0.2675206431
2024-01-01,0.0167435143,-0.0014912945,487.4387831803,0.2660293486
2024-01-02,0.0168107294,-0.0023464855,495.7022474999,0.2636828631
2024-01-03,-0.0030619088,-0.0077451472,494.1867737337,0.2559377159
2024-01-04,-0.0071010186,-0.0053003431,490.6899743525,0.2506373728
2024-01-05,0.0036491206,-0.0172480246,492.4838322691,0.2333893482
2024-01-08,-0.0067865559,-0.0026767373,489.1528788296,0.2307126108
2024-01-09,0.0003600125,-0.0111421742,489.3290116718,0.2195704367
2024-01-10,-0.0007861918,-0.0089611693,488.9444563864,0.2106092674
2024-01-11,0.0066617335,-0.0019971504,492.2125475611,0.2086121169
2024-01-12,0.0002251035,-0.0083457439,492.3233587994,0.2002663730
2024-01-15,0.0144731408,0.0062625485,499.5006376907,0.2065289215
2024-01-16,-0.0025006746,-0.0090989935,498.2531096215,0.1974299280
2024-01-17,0.0005592903,-0.0108214306,498.5318557098,0.1866084974
2024-01-18,-0.0035700461,-0.0095510425,496.7552471620,0.1770574549
2024-01-19,-0.0006203035,-0.0080003996,496.4472037109,0.1690570553
2024-01-22,-0.0127158653,0.0075073977,490.1744144299,0.1765644531
2024-01-23,0.0061960126,-0.0056923404,493.2209697835,0.1708721127
2024-01-24,-0.0055762647,-0.0032855778,490.4782931537,0.1675865348
2024-01-25,-0.0039519451,-0.0066233584,488.5437749349,0.1609631765
2024-01-26,-0.0249957280,0.0552777641,476.4836216848,0.2162409406
2024-01-29,0.0067860877,-0.0169600245,479.7280774715,0.1992809161
2024-01-30,-0.0396448748,0.1199029638,461.0813830362,0.3191838799
2024-01-31,0.0310685747,0.0034596449,475.6313778690,0.3226435247
2024-02-01,-0.0064448905,-0.0091712094,472.5758425715,0.3134723153
2024-02-02,0.0063622367,-0.0188109201,475.5920667217,0.2946613952
2024-02-05,0.0069128390,-0.0129015569,478.8911479993,0.2817598382
2024-02-06,-0.0115689760,-0.0103278337,473.3827922385,0.2714320045
2024-02-07,0.0022703021,-0.0164250240,474.4587350611,0.2550069804
2024-02-08,0.0151122052,-0.0063891296,481.6833049380,0.2486178509
2024-02-09,0.0051031220,-0.0092202161,484.1476762419,0.2393976348
2024-02-12,0.0160933547,0.0038024148,492.0022703756,0.2432000496
2024-02-13,-0.0139632045,0.0089478045,485.1800826941,0.2521478541
2024-02-14,0.0062450378,-0.0175492493,488.2195314899,0.2345986048
2024-02-15,0.0118349993,-0.0065649193,494.0319363461,0.2280336855
2024-02-16,-0.0019628472,-0.0114968569,493.0631782284,0.2165368286
2024-02-19,0.0010885040,-0.0128420946,493.6001716661,0.2036947340
2024-02-20,0.0046631306,-0.0060667312,495.9072687219,0.1976280028
2024-02-21,0.0008257353,-0.0025828223,496.3169259727,0.1950451805
2024-02-22,-0.0253459255,0.0538457526,483.8953966877,0.2488909330
2024-02-23,0.0031655514,-0.0080381372,485.4296195011,0.2408527959
2024-02-26,-0.0013562612,-0.0066338721,484.7716963939,0.2342189237
2024-02-27,-0.0011778492,-0.0161456471,484.2010445675,0.2180732766
2024-02-28,0.0225398818,0.0163028513,495.2388064910,0.2343761279
2024-02-29,-0.0026179938,-0.0046318193,493.9439700214,0.2297443087
2024-03-01,0.0075218255,-0.0083695684,497.6733386124,0.2213747403
2024-03-04,-0.0024007325,-0.0037403155,496.4799910640,0.2176344248
2024-03-05,0.0013144108,-0.0099605936,497.1329987842,0.2076738312
2024-03-06,-0.0150635722,0.0200325349,489.7005203593,0.2277063661
2024-03-07,-0.0067868342,-0.0041949206,486.3882567291,0.2235114455
2024-03-08,0.0008148527,-0.0149577398,486.7847530499,0.2085537057
2024-03-11,0.0077712117,-0.0064507200,490.5823974515,0.2021029857
2024-03-12,0.0037202563,-0.0097306616,492.4108888188,0.1923723241
2024-03-13,0.0036211758,-0.0102134474,494.1972276046,0.1821588767
2024-03-14,0.0077249377,-0.0095863237,498.0296539721,0.1725725530
2024-03-15,-0.0055884248,-0.0060423661,495.2542150954,0.1665301869
2024-03-18,0.0087608066,-0.0074592163,499.6121029267,0.1590709707
2024-03-19,0.0481190431,0.0934961866,524.2407609504,0.2525671573
2024-03-20,-0.0313351567,0.0559511727,508.0683010995,0.3085183300
2024-03-21,0.0095057058,-0.0139869713,512.9208759160,0.2945313587
2024-03-22,0.0231156746,-0.0030449658,524.9154856490,0.2914863928
2024-03-25,-0.0133331396,-0.0072990222,517.9631653227,0.2841873707
2024-03-26,-0.0053594742,-0.0098605198,515.1945807915,0.2743268509
2024-03-27,-0.0074116965,-0.0131858775,511.3902306562,0.2611409734
2024-03-28,-0.0126413373,0.0045610251,504.9662635861,0.2657019984
2024-03-29,0.0014075857,-0.0145632422,505.6775473355,0.2511387562
2024-04-01,-0.0119579115,0.0009294935,499.6667101354,0.2520682497
2024-04-02,-0.0127784514,0.0007220042,493.3223651656,0.2527902538
2024-04-03,0.0002776188,-0.0104259749,493.4593397316,0.2423642790
2024-04-04,-0.0081182481,-0.0024751099,489.4695314220,0.2398891691
2024-04-05,-0.0043209984,-0.0122822687,487.3590972393,0.2276069005
2024-04-08,-0.0102900530,-0.0009309893,482.3698600752,0.2266759111
2024-04-09,-0.0080690506,0.0022816799,478.4932545854,0.2289575910
2024-04-10,-0.0018395926,-0.0135368932,477.6138310537,0.2154206979
2024-04-11,-0.0015824895,-0.0029762157,476.8586098838,0.2124444822
2024-04-12,0.0146603725,-0.0028506749,483.9010308623,0.2095938073
2024-04-15,-0.0092070058,-0.0029935331,479.4661983376,0.2066002743
2024-04-16,-0.0114792358,-0.0022090088,473.9937625587,0.2043912655
2024-04-17,-0.0033630853,-0.0116415980,472.4023586066,0.1927496675
2024-04-18,0.0063616047,-0.0137089292,475.4171750585,0.1790407383
2024-04-19,-0.0034503391,-0.0081759408,473.7796512444,0.1708647975
2024-04-22,0.0022546390,-0.0036159173,474.8490584373,0.1672488803
2024-04-23,0.0276718059,0.0277396782,488.1724808402,0.1949885585
2024-04-24,-0.0014630009,-0.0107969316,487.4588062396,0.1841916270
2024-04-25,0.0047322438,-0.0108489417,489.7710468792,0.1733426852
2024-04-26,0.0029407947,-0.0091660881,491.2134829150,0.1641765971
2024-04-29,0.0114519671,-0.0055876811,496.8711776025,0.1585889160
2024-04-30,0.0145377384,-0.0005163772,504.1473219923,0.1580725387
2024-05-01,0.0038100010,0.0030787049,506.0717875553,0.1611512436
2024-05-02,0.0089380212,-0.0009162779,510.6153428545,0.1602349657
2024-05-03,-0.0024162728,-0.0086960109,509.3830462845,0.1515389549
2024-05-06,0.0082408640,0.0012083362,513.5981468806,0.1527472911
2024-05-07,0.0015554845,0.0009433091,514.3976624916,0.1536906002
2024-05-08,-0.0141913375,0.0188361973,507.1492257945,0.1725267974
2024-05-09,0.0016134742,-0.0072228606,507.9681584767,0.1653039368
2024-05-10,0.0184263733,0.0052126460,517.4149370434,0.1705165828
2024-05-13,-0.0120194548,0.0043075390,511.2331170516,0.1748241218
2024-05-14,-0.0021979657,-0.0008103075,510.1106781896,0.1740138143
2024-05-15,-0.0024531043,0.0074755195,508.8608570741,0.1814893338
2024-05-16,0.0033485970,-0.0102566515,510.5676831670,0.1712326823
2024-05-17,0.0024423590,-0.0131339928,511.8161968029,0.1580986895
2024-05-20,-0.0017508555,0.0003845757,510.9208646436,0.1584832651
2024-05-21,-0.0039170325,0.0005934557,508.9234854760,0.1590767208
2024-05-22,0.0030758741,-0.0034952701,510.4912799679,0.1555814507
2024-05-23,0.0022341214,0.0005468615,511.6330544312,0.1561283122
2024-05-24,-0.0006223532,-0.0070247254,511.3147370250,0.1491035868
2024-05-27,0.0015061340,-0.0038136765,512.0854257651,0.1452899103
2024-05-28,0.0190993787,0.0198759558,521.9599376014,0.1651658662
2024-05-29,0.0081972192,-0.0040447187,526.2561420276,0.1611211474
2024-05-30,-0.0142447956,0.0232756186,518.8128706419,0.1843967661
2024-05-31,-0.0026020306,-0.0082333893,517.4646584948,0.1761633768
2024-06-03,0.0031357846,-0.0051116552,519.0898630022,0.1710517215
2024-06-04,-0.0111317567,0.0100504977,513.3435237043,0.1811022192
2024-06-05,-0.0047511288,-0.0128425057,510.9103472476,0.1682597135
2024-06-06,-0.0025813032,-0.0053917197,509.5932333774,0.1628679939
2024-06-07,-0.0063264640,-0.0064502426,506.3794866913,0.1564177512
2024-06-10,0.0109579415,-0.0026544943,511.9588769878,0.1537632570
2024-06-11,0.0028076818,-0.0115278747,513.3983143931,0.1422353823
2024-06-12,-0.0012300312,-0.0007371769,512.7672066822,0.1414982054
2024-06-13,-0.0054619986,-0.0011429094,509.9741078295,0.1403552960
2024-06-14,-0.0316716092,0.1033623635,494.0755033118,0.2437176595
2024-06-17,0.0069490724,-0.0055355635,497.5208267808,0.2381820960
2024-06-18,-0.0112082702,0.0024325914,491.9756130969,0.2406146874
2024-06-19,-0.0057559297,-0.0099706500,489.1519701873,0.2306440374
2024-06-20,0.0022308742,-0.0196069137,490.2444247898,0.2110371237
2024-06-21,0.0207235721,0.0092240036,500.5100432226,0.2202611274
2024-06-24,-0.0042221494,-0.0098592284,498.4012699347,0.2104018989
2024-06-25,0.0004259026,-0.0112885527,498.6135855226,0.1991133462
2024-06-26,-0.0038043083,-0.0044363457,496.7203092893,0.1946770006
2024-06-27,-0.0074903722,-0.0049139802,493.0135889750,0.1897630204
2024-06-28,0.0043609158,-0.0077559227,495.1682745018,0.1820070977
2024-07-01,0.0131245037,0.0037126278,501.7099465474,0.1857197256
2024-07-02,-0.0094351816,0.0047035031,496.9984838001,0.1904232287
2024-07-03,-0.0052244314,-0.0076899155,494.4087202455,0.1827333132
2024-07-04,-0.0036048693,-0.0003995029,492.6296500341,0.1823338104
2024-07-05,0.0053956827,-0.0018708602,495.2949072799,0.1804629501
2024-07-08,-0.0014273662,0.0000268414,494.5884443592,0.1804897915
2024-07-09,0.0035234896,-0.0074773576,496.3341953849,0.1730124339
2024-07-10,-0.0000405102,-0.0063842645,496.3140891850,0.1666281693
2024-07-11,-0.0002903388,-0.0024557641,496.1700108525,0.1641724053
2024-07-12,-0.0030062820,-0.0033732455,494.6806237609,0.1607991598
2024-07-15,0.0186213553,0.0136460091,503.9785487035,0.1744451689
2024-07-16,-0.0151445468,0.0217185442,496.4035268977,0.1961637131
2024-07-17,0.0180755208,0.0045303158,505.4578635806,0.2006940289
2024-07-18,-0.0050462569,-0.0090638500,502.9136182039,0.1916301789
2024-07-19,0.0168412688,0.0016484108,511.4550439923,0.1932785897
2024-07-22,-0.0024043907,-0.0064196031,510.2267834219,0.1868589866
2024-07-23,-0.0035057928,-0.0079434461,508.4411658505,0.1789155405
2024-07-24,-0.0115298607,0.0030911315,502.6125760426,0.1820066719
2024-07-25,-0.0066272769,-0.0021904326,499.2926365575,0.1798162393
2024-07-26,-0.0051713757,0.0023833552,496.7172716008,0.1821995944
2024-07-29,-0.0132127560,0.0185082712,490.1974348609,0.2007078656
2024-07-30,0.0021576473,-0.0172647779,491.2562498904,0.1834430877
2024-07-31,0.0038581352,-0.0105589220,493.1552438390,0.1728841657
2024-08-01,0.0028089851,-0.0034619024,494.5424569911,0.1694222632
2024-08-02,-0.0080297221,0.0019834060,490.5873190776,0.1714056692
2024-08-05,-0.0095939159,0.0051377638,485.9031712014,0.1765434331
2024-08-06,0.0033551758,-0.0072884453,487.5361997956,0.1692549878
2024-08-07,0.0065624310,-0.0042779744,490.7461434527,0.1649770134
2024-08-08,-0.0238731868,0.0544027532,479.1692080782,0.2193797666
2024-08-09,-0.0088353402,0.0019964191,474.9542328906,0.2213761857
2024-08-12,-0.0212870503,0.0276005205,464.9507087598,0.2489767062
2024-08-13,-0.0114187551,-0.0017634679,459.6717474137,0.2472132382
2024-08-14,0.0223740479,0.0104863696,470.0723833873,0.2576996079
2024-08-15,0.0146622386,-0.0018920986,477.0154730474,0.2558075093
2024-08-16,-0.0396146503,0.1022861294,458.4880730397,0.3580936387
2024-08-19,-0.0059582988,-0.0182950876,455.7643864165,0.3397985511
2024-08-20,0.0065953129,-0.0205580242,458.7802294239,0.3192405268
2024-08-21,-0.0124903925,-0.0087145161,453.0855229051,0.3105260107
2024-08-22,0.0051215978,-0.0173581055,455.4119972682,0.2931679052
2024-08-23,-0.0179019468,0.0133972634,447.3317775427,0.3065651687
2024-08-26,0.0245467523,-0.0016380472,458.4481977394,0.3049271214
2024-08-27,-0.0104768447,-0.0063659302,453.6701801329,0.2985611912
2024-08-28,-0.0102674630,-0.0066316513,449.0359698298,0.2919295399
2024-08-29,0.0118625015,-0.0101069381,454.3943789236,0.2818226017
2024-08-30,-0.0026953035,-0.0158599820,453.1712972020,0.2659626198
2024-09-02,-0.0062798576,-0.0078028584,450.3343630922,0.2581597614
2024-09-03,0.0063750608,-0.0116111115,453.2144426239,0.2465486499
2024-09-04,-0.0012086091,-0.0122947087,452.6670143885,0.2342539411
2024-09-05,-0.0064171841,-0.0096938938,449.7714673650,0.2245600473
2024-09-06,-0.0075960562,-0.0137875804,446.3679211346,0.2107724669
2024-09-09,0.0096590159,-0.0031802525,450.7002854955,0.2075922144
2024-09-10,-0.0145350491,0.0151755378,444.1967140954,0.2227677522
2024-09-11,0.0051778196,-0.0118506843,446.5026492698,0.2109170678
2024-09-12,0.0063115264,-0.0090171982,449.3296745473,0.2018998696
2024-09-13,-0.0068503012,-0.0029078020,446.2621496659,0.1989920676
2024-09-16,-0.0149463436,0.0111373665,439.6417608007,0.2101294341
2024-09-17,-0.0002458826,-0.0069845129,439.5336738492,0.2031449212
2024-09-18,0.0062323706,-0.0048468381,442.2815646242,0.1982980831
2024-09-19,0.0098948318,-0.0013141031,446.6795893013,0.1969839800
2024-09-20,0.0053624155,-0.0040148209,449.0813045911,0.1929691591
2024-09-23,0.0083235899,-0.0130368211,452.8348731323,0.1799323380
2024-09-24,-0.0039496139,-0.0034770596,451.0498775499,0.1764552784
2024-09-25,0.0135141212,-0.0001055031,457.1867943903,0.1763497753
2024-09-26,0.0045244337,-0.0017858721,459.2599922020,0.1745639032
2024-09-27,-0.0145553590,0.0232244898,452.6237120238,0.1977883930
2024-09-30,0.0076391881,-0.0031826560,456.0946303043,0.1946057371
2024-10-01,-0.0157798028,0.0192630824,448.9540337621,0.2138688195
2024-10-02,0.0010550338,0.0007940506,449.4279454164,0.2146628700
2024-10-03,-0.0006854391,-0.0108250014,449.1199954750,0.2038378687
2024-10-04,-0.0131612340,0.0061067055,443.2477498793,0.2099445742
2024-10-07,-0.0094309776,0.0036997386,439.0871404138,0.2136443128
2024-10-08,0.0008828127,-0.0161845909,439.4749432555,0.1974597219
2024-10-09,0.0080919364,0.0015939555,443.0455737169,0.1990536773
2024-10-10,0.0074732463,-0.0026377606,446.3689652184,0.1964159168
2024-10-11,0.0049622298,-0.0026622329,448.5894553161,0.1937536838
2024-10-14,-0.0078154875,0.0029996454,445.0971747342,0.1967533293
2024-10-15,0.0001944752,-0.0076433750,445.1837435134,0.1891099543
2024-10-16,-0.0099225602,-0.0009974958,440.7882244831,0.1881124585
2024-10-17,-0.0155303448,0.0182434889,433.9955144464,0.2063559473
2024-10-18,-0.0021078732,-0.0070214214,433.0816703930,0.1993345259
2024-10-21,-0.0000892099,-0.0100446392,433.0430369465,0.1892898867
2024-10-22,-0.0027127225,-0.0059901011,431.8699032570,0.1832997856
2024-10-23,-0.0029391646,-0.0094874362,430.6024301086,0.1738123494
2024-10-24,-0.0028825160,-0.0090505365,429.3629988958,0.1647618129
2024-10-25,0.0075452899,-0.0020049058,432.6149201288,0.1627569071
2024-10-28,-0.0009816665,-0.0029884427,432.1904449316,0.1597684645
2024-10-29,0.0053333659,-0.0042118019,434.5016324342,0.1555566626
2024-10-30,-0.0003970684,-0.0093028402,434.3291398321,0.1462538224
2024-10-31,-0.0137613230,0.0157260261,428.3931335813,0.1619798484
2024-11-01,0.0121941814,0.0097354869,433.6490176285,0.1717153353
2024-11-04,0.0016612952,-0.0112134277,434.3700354195,0.1605019076
2024-11-05,0.0073613643,-0.0063797325,437.5793896133,0.1541221751
2024-11-06,0.0014579337,-0.0079914220,438.2178166246,0.1461307531
2024-11-07,-0.0005000464,-0.0009104285,437.9987421638,0.1452203245
2024-11-08,0.0245437864,0.0243112687,448.8819003846,0.1695315933
2024-11-11,0.0080322716,-0.0011615895,452.5019609293,0.1683700038
2024-11-12,-0.0101112249,0.0077433473,447.9496652503,0.1761133511
2024-11-13,-0.0003397920,-0.0116669191,447.7974814159,0.1644464321
2024-11-14,0.0011537074,-0.0054168431,448.3144068035,0.1590295890
2024-11-15,0.0076949958,-0.0074011337,451.7774914121,0.1516284553
2024-11-18,-0.0024178972,-0.0048031771,450.6864594254,0.1468252782
2024-11-19,-0.0051646390,0.0021900076,448.3648269193,0.1490152858
2024-11-20,0.0042652218,-0.0047319961,450.2812865232,0.1442832898
2024-11-21,-0.0136343013,0.0177434756,444.1836785817,0.1620267653
2024-11-22,0.0016578963,-0.0074153136,444.9206998467,0.1546114518
2024-11-25,0.0086463232,-0.0020710771,448.7843069432,0.1525403747
2024-11-26,-0.0027018715,-0.0027469000,447.5733860273,0.1497934746
2024-11-27,-0.0056655775,-0.0094193018,445.0447940652,0.1403741729
2024-11-28,0.0012091152,-0.0112023599,445.5832299277,0.1291718130
2024-11-29,-0.0176063488,0.0398190122,437.8067943562,0.1689908252
2024-12-02,-0.0046316054,-0.0042174007,435.7837346731,0.1647734245
2024-12-03,-0.0113482328,0.0095120315,430.8663142067,0.1742854560
2024-12-04,-0.0047162461,-0.0033412487,428.8390269619,0.1709442073
2024-12-05,-0.0080897774,0.0006749688,425.3838095005,0.1716191760
2024-12-06,0.0126449626,-0.0010217725,430.7969240481,0.1705974035
2024-12-09,0.0166921518,0.0066723865,438.0482030660,0.1772697901
2024-12-10,0.0004970132,-0.0045393064,438.2659729102,0.1727304837
2024-12-11,0.0024576615,-0.0052592479,439.3444069860,0.1674712359
2024-12-12,0.0138168236,0.0029623525,445.4568814192,0.1704335884
2024-12-13,-0.0042183439,-0.0085950500,443.5817488488,0.1618385384
2024-12-16,-0.0050121378,-0.0017414364,441.3640184395,0.1600971020
2024-12-17,-0.0020096356,-0.0099014347,440.4779282518,0.1501956673
2024-12-18,0.0006569535,-0.0076061806,440.7673968541,0.1425894867
2024-12-19,-0.0010709250,-0.0035275991,440.2956206843,0.1390618876
2024-12-20,-0.0037143474,-0.0014662833,438.6632432679,0.1375956043
2024-12-23,0.0044550462,0.0016174264,440.6218679055,0.1392130308
2024-12-24,0.0106709056,0.0061296217,445.3488781372,0.1453426524
2024-12-25,0.0052977229,-0.0010697882,447.7144736831,0.1442728643
2024-12-26,-0.0007367061,-0.0057708894,447.3847611519,0.1385019749
2024-12-27,0.0165013232,0.0119299718,454.8284481314,0.1504319467
2024-12-30,0.0048268841,-0.0047447597,457.0291593700,0.1456871870
2024-12-31,0.0080289227,0.0059266292,460.7133815367,0.1516138163
2025-01-01,-0.0080823379,0.0062729413,457.0047477058,0.1578867576
2025-01-02,-0.0293577767,0.0881085610,443.7831325929,0.2459953186
2025-01-03,-0.0310704211,0.0618344656,430.2066100946,0.3078297842
2025-01-06,-0.0327170474,0.0590440536,416.3592771315,0.3668738378
2025-01-07,0.0234466672,-0.0114137621,426.2368602272,0.3554600756
2025-01-08,0.0030443357,-0.0185755528,427.5364454965,0.3368845228
2025-01-09,0.0042859203,-0.0178594476,429.3727649834,0.3190250752
2025-01-10,0.0014755923,-0.0135752631,430.0068118195,0.3054498120
2025-01-13,0.0008280922,-0.0204753428,430.3630446036,0.2849744692
2025-01-14,-0.0010396447,-0.0135681564,429.9158524502,0.2714063128
2025-01-15,0.0269517204,0.0091221430,441.6603809835,0.2805284558
2025-01-16,0.0209783421,0.0016153225,451.0235520712,0.2821437783
2025-01-17,0.0000983320,-0.0100422550,451.0679043172,0.2721015233
2025-01-20,0.0009938333,-0.0143972893,451.5164134720,0.2577042340
2025-01-21,-0.0046623453,-0.0126579111,449.4161878281,0.2450463229
2025-01-22,-0.0008896339,-0.0092568996,449.0165497241,0.2357894233
2025-01-23,0.0024595794,-0.0175103287,450.1223008713,0.2182790946
2025-01-24,-0.0000763507,-0.0099511498,450.0879350410,0.2083279448
2025-01-27,-0.0032454455,-0.0126439692,448.6295669969,0.1956839756
2025-01-28,-0.0072337407,-0.0076315614,445.3960064886,0.1880524142
2025-01-29,-0.0051047289,-0.0113413361,443.1281738790,0.1767110781
2025-01-30,-0.0024853867,-0.0129169008,442.0281964968,0.1637941773
2025-01-31,-0.0084399200,0.0060674109,438.3132130192,0.1698615882
2025-02-03,0.0076886576,-0.0002841228,441.6962420353,0.1695774654
2025-02-04,0.0107212382,-0.0006118095,446.4572489942,0.1689656560
2025-02-05,0.0024124341,-0.0022037132,447.5355978987,0.1667619428
2025-02-06,0.0007797454,-0.0063228632,447.8846977980,0.1604390796
2025-02-07,-0.0063074544,-0.0024161618,445.0685761216,0.1580229178
2025-02-10,0.0122034661,-0.0021193851,450.5332314491,0.1559035327
2025-02-11,-0.0036803781,-0.0005544782,448.8781463529,0.1553490545
2025-02-12,-0.0001268467,-0.0022407234,448.8212112645,0.1531083311
2025-02-13,-0.0005001741,-0.0002821939,448.5967786651,0.1528261372
2025-02-14,0.0000293863,-0.0084858329,448.6099614594,0.1443403043
2025-02-17,0.0039431319,-0.0046981140,450.3823818486,0.1396421903
2025-02-18,0.0001362254,-0.0093994741,450.4437395481,0.1302427162
2025-02-19,0.0102481890,0.0078892473,455.0837071628,0.1381319634
2025-02-20,0.0124360119,0.0081946025,460.7784702255,0.1463265660
2025-02-21,-0.0019474878,-0.0020832259,459.8819830189,0.1442433401
2025-02-24,-0.0014855664,-0.0042274632,459.1993049993,0.1400158769
2025-02-25,-0.0002343518,-0.0046854755,459.0917034221,0.1353304014
2025-02-26,0.0007393427,-0.0050596794,459.4312550197,0.1302707220
2025-02-27,0.0006695865,0.0011871608,459.7389870124,0.1314578828
2025-02-28,0.0022857951,-0.0054141742,460.7910580840,0.1260437086
2025-03-03,-0.0040414491,0.0036870122,458.9325525230,0.1297307209
2025-03-04,0.0033951443,-0.0011665389,460.4933428272,0.1285641819
2025-03-05,-0.0010632494,-0.0067377559,460.0039837535,0.1218264261
2025-03-06,-0.0070701585,0.0008821710,456.7631527718,0.1227085971
2025-03-07,-0.0040083010,-0.0026914455,454.9359729489,0.1200171516
2025-03-10,0.0010722986,-0.0021907653,455.4240618167,0.1178263863
2025-03-11,-0.0044064889,-0.0035739426,453.4216557906,0.1142524436
2025-03-12,-0.0094332359,0.0158514967,449.1645331308,0.1301039403
2025-03-13,-0.0029321370,0.0027934910,447.8494501153,0.1328974313
2025-03-14,0.0035781879,-0.0004242736,449.4548100256,0.1324731577
2025-03-17,0.0084896849,-0.0054364507,453.2867828509,0.1270367070
2025-03-18,-0.0105900816,0.0055008472,448.5117673823,0.1325375542
2025-03-19,-0.0226609003,0.0640798837,438.4623810293,0.1966174379
2025-03-20,-0.0106279014,0.0093457663,433.8271212378,0.2059632042
2025-03-21,-0.0052941867,-0.0080554352,431.5364285093,0.1979077690
2025-03-24,-0.0071303103,-0.0011536433,428.4703837799,0.1967541257
2025-03-25,-0.0057390559,-0.0061576175,426.0184110124,0.1905965082
2025-03-26,0.0091798785,-0.0070760185,429.9472136590,0.1835204897
2025-03-27,0.0039658333,-0.0030624324,431.6556981757,0.1804580573
2025-03-28,-0.0034091282,-0.0082881752,430.1866340840,0.1721698821
2025-03-31,-0.0102896091,0.0097296858,425.7828771103,0.1818995679
2025-04-01,0.0146850289,0.0092199369,432.0816465645,0.1911195048
2025-04-02,0.0116337842,-0.0027319619,437.1377449466,0.1883875429
2025-04-03,0.0002451034,-0.0009189635,437.2449020377,0.1874685794
2025-04-04,-0.0076558964,-0.0061242381,433.9101818033,0.1813443413
2025-04-07,-0.0039613204,-0.0021024227,432.1947245496,0.1792419187
2025-04-08,0.0023929751,-0.0073103212,433.2301941916,0.1719315974
2025-04-09,0.0004040784,0.0031708593,433.4052885488,0.1751024567
2025-04-10,0.0054561541,-0.0056058573,435.7764775080,0.1694965994
2025-04-11,-0.0093579495,0.0023279195,431.7175245810,0.1718245189
2025-04-14,-0.0030290479,0.0006957365,430.4118100350,0.1725202553
2025-04-15,0.0102300221,-0.0075162177,434.8375313670,0.1650040376
2025-04-16,-0.0039337925,-0.0024332460,433.1303308543,0.1625707916
2025-04-17,-0.0018782302,-0.0087190932,432.3175758859,0.1538516984
2025-04-18,-0.0000587663,0.0000973765,432.2921709281,0.1539490749
2025-04-21,0.0097027521,-0.0002777690,436.5070094132,0.1536713059
2025-04-22,0.0010577444,-0.0019264516,436.9689665193,0.1517448543
2025-04-23,0.0045589749,-0.0041198708,438.9656449957,0.1476249836
2025-04-24,-0.0003043340,-0.0092121468,438.8320731700,0.1384128368
2025-04-25,0.0055805482,-0.0105094192,441.2878425920,0.1279034176
2025-04-28,0.0064329129,0.0068736557,444.1357592186,0.1347770733
2025-04-29,0.0095277944,0.0031486494,448.3876166433,0.1379257227
2025-04-30,0.0048260747,-0.0069903048,450.5567989031,0.1309354180
2025-05-01,-0.0076316968,0.0050678224,447.1313735453,0.1360032404
2025-05-02,0.0036419397,0.0010690708,448.7627679835,0.1370723112
2025-05-05,0.0011545581,-0.0096522958,449.2811899012,0.1274200154
2025-05-06,-0.0021119853,0.0069250911,448.3333159444,0.1343451064
2025-05-07,-0.0034781369,-0.0024719992,446.7766599781,0.1318731072
2025-05-08,0.0099049635,0.0016342394,451.2239552820,0.1335073467
2025-05-09,0.0043830280,0.0028927010,453.2060230894,0.1364000476
2025-05-12,-0.0108855060,0.0160555767,448.2994002140,0.1524556243
2025-05-13,0.0128161440,0.0001708523,454.0818450758,0.1526264766
2025-05-14,0.0024315408,-0.0012699013,455.1873070697,0.1513565754
2025-05-15,-0.0068951073,0.0037706195,452.0595372702,0.1551271949
2025-05-16,-0.0054200556,0.0033426712,449.6159775303,0.1584698661
2025-05-19,-0.0034914367,-0.0077034328,448.0489090545,0.1507664333
2025-05-20,-0.0063613938,-0.0034762732,445.2077399849,0.1472901601
2025-05-21,0.0133888255,0.0079359928,451.2086315475,0.1552261529
2025-05-22,0.0088707978,-0.0028295589,455.2290177471,0.1523965940
2025-05-23,0.0016920986,-0.0136659651,455.9999622187,0.1387306289
2025-05-26,0.0065912132,-0.0037202311,459.0154822222,0.1350103979
2025-05-27,0.0002919094,-0.0010746718,459.1494927091,0.1339357260
2025-05-28,0.0068465096,-0.0035371967,462.3038499644,0.1303985293
2025-05-29,0.0185369374,0.0218363118,470.9534685169,0.1522348411
2025-05-30,-0.0130263085,0.0157743060,464.8584671979,0.1680091471
2025-06-02,-0.0001686266,-0.0069127764,464.7800863219,0.1610963707
2025-06-03,-0.0055055978,-0.0083296915,462.2282253210,0.1527666792
2025-06-04,-0.0105923707,0.0065122191,457.3579719241,0.1592788983
2025-06-05,0.0011932020,-0.0063486335,457.9040180839,0.1529302648
2025-06-06,0.0018170001,-0.0026695223,458.7367860811,0.1502607425
2025-06-09,0.0054423301,-0.0026126400,461.2401890741,0.1476481025
2025-06-10,0.0005739984,-0.0005091574,461.5050161797,0.1471389451
2025-06-11,0.0005147649,-0.0134402637,461.7426439353,0.1336986814
2025-06-12,0.0069218724,-0.0005411203,464.9498547530,0.1331575611
2025-06-13,0.0104626392,0.0024531735,469.8399946223,0.1356107345
2025-06-16,-0.0080441444,0.0018656067,466.0756944688,0.1374763412
2025-06-17,0.0022124741,-0.0036917760,467.1080164466,0.1337845652
2025-06-18,0.0122616308,0.0022175533,472.8707807414,0.1360021185
2025-06-19,-0.0033545154,-0.0002712817,471.2871860288,0.1357308369
2025-06-20,-0.0008521369,-0.0049400282,470.8857558963,0.1307908087
2025-06-23,0.0065686141,0.0014110187,473.9890035703,0.1322018274
2025-06-24,-0.0055517618,-0.0021492887,471.3648206871,0.1300525387
2025-06-25,0.0003525856,0.0019301470,471.5310464430,0.1319826857
2025-06-26,0.0171904273,0.0156954728,479.7069387988,0.1476781585
2025-06-27,0.0013311847,0.0024013501,480.3459425757,0.1500795085
2025-06-30,-0.0147770542,0.0247924607,473.3000316844,0.1748719692
2025-07-01,-0.0090703327,0.0012837713,469.0264536187,0.1761557405
2025-07-02,-0.0035023785,-0.0051941492,467.3866187702,0.1709615913
2025-07-03,-0.0041060532,-0.0065220168,465.4714390324,0.1644395744
2025-07-04,-0.0121552058,0.0086313558,459.8477854708,0.1730709302
2025-07-07,0.0115927669,-0.0004275390,465.2097133990,0.1726433912
2025-07-08,-0.0038774243,-0.0052786562,463.4093905249,0.1673647351
2025-07-09,-0.0096441416,0.0027566076,458.9616863402,0.1701213426
2025-07-10,0.0069859742,-0.0058295516,462.1792065044,0.1642917911
2025-07-11,-0.0053288618,-0.0063777531,459.7228679585,0.1579140379
2025-07-14,-0.0048457335,-0.0019012065,457.5005621753,0.1560128314
2025-07-15,-0.0018992009,-0.0103502583,456.6325012475,0.1456625730
2025-07-16,0.0012751436,0.0023608733,457.2151446740,0.1480234463
2025-07-17,-0.0091990142,0.0072416000,453.0285020743,0.1552650463
2025-07-18,0.0052012308,-0.0002247379,455.3909463416,0.1550403084
2025-07-21,0.0126356777,-0.0016648892,461.1816271030,0.1533754192
2025-07-22,-0.0094557994,0.0083050696,456.8413389586,0.1616804888
2025-07-23,0.0003535077,-0.0065555506,457.0028644605,0.1551249382
2025-07-24,-0.0089012669,0.0093356489,452.9530111448,0.1644605871
2025-07-25,-0.0000606793,-0.0028319390,452.9255271295,0.1616286481
2025-07-28,-0.0014386372,-0.0123947791,452.2744001192,0.1492338691
2025-07-29,-0.0012230168,-0.0001314212,451.7215990476,0.1491024479
2025-07-30,0.0019337314,-0.0107561533,452.5959524110,0.1383462946
2025-07-31,-0.0017337612,0.0018833731,451.8119389357,0.1402296677
2025-08-01,0.0004605374,-0.0043720474,452.0200631732,0.1358576203
2025-08-04,0.0061491962,-0.0061644214,454.8081868028,0.1296931988
2025-08-05,-0.0029759170,0.0011560097,453.4567273013,0.1308492086
2025-08-06,-0.0184850527,0.0455291504,445.1515530801,0.1763783590
2025-08-07,0.0016365222,-0.0111437118,445.8806498974,0.1652346472
2025-08-08,-0.0097079879,0.0028315431,441.5729891242,0.1680661903
2025-08-11,-0.0027792946,-0.0035912119,440.3474315663,0.1644749784
2025-08-12,-0.0037825474,-0.0098400733,438.6849427401,0.1546349051
2025-08-13,0.0064875587,-0.0065830874,441.5401888410,0.1480518177
2025-08-14,0.0174388758,0.0183672236,449.3076847115,0.1664190413
2025-08-15,0.0034624422,-0.0088939307,450.8660829934,0.1575251105
2025-08-18,-0.0025027985,-0.0032853874,449.7390669860,0.1542397232
2025-08-19,0.0036084802,-0.0028737205,451.3648730694,0.1513660027
2025-08-20,0.0064543412,0.0010335063,454.2875578214,0.1523995090
2025-08-21,0.0016376271,-0.0016068829,455.0321209356,0.1507926260
2025-08-22,0.0018771434,-0.0151003773,455.8870836759,0.1356922488
2025-08-25,-0.0028321291,-0.0043821329,454.5977791883,0.1313101158
2025-08-26,-0.0038229123,0.0038153781,452.8632094007,0.1351254939
2025-08-27,0.0067556755,-0.0040065072,455.9329637419,0.1311189867
2025-08-28,0.0005815874,0.0040626837,456.1982057181,0.1351816705
2025-08-29,-0.0062006270,0.0036425353,453.3782426118,0.1388242057
2025-09-01,-0.0073726309,-0.0002484959,450.0479437918,0.1385757099
2025-09-02,-0.0075858086,0.0071828669,446.6468824396,0.1457585768
2025-09-03,-0.0065155026,0.0095673863,443.7462134188,0.1553259630
2025-09-04,-0.0099360778,0.0060645381,439.3589487016,0.1613905011
2025-09-05,0.0008186378,-0.0038320372,439.7187718211,0.1575584639
2025-09-08,0.0053872872,-0.0076936704,442.0940555699,0.1498647935
2025-09-09,-0.0061873365,-0.0016944770,439.3671158384,0.1481703165
2025-09-10,0.0000005542,-0.0044204820,439.3673593489,0.1437498345
2025-09-11,0.0007001120,-0.0023877302,439.6750734193,0.1413621043
2025-09-12,-0.0020618105,-0.0021727444,438.7694806250,0.1391893599
2025-09-15,-0.0025651400,-0.0021459295,437.6454177740,0.1370434304
2025-09-16,0.0028279080,0.0063297269,438.8847903455,0.1433731573
2025-09-17,0.0017403342,-0.0086685325,439.6492615854,0.1347046248
2025-09-18,0.0017764552,-0.0109207138,440.4309729378,0.1237839110
2025-09-19,-0.0092377546,0.0140623412,436.3811142783,0.1378462522
2025-09-22,-0.0024808149,-0.0021729589,435.2998752561,0.1356732932
2025-09-23,-0.0028665267,-0.0081418935,434.0538632388,0.1275313997
2025-09-24,0.0032750994,0.0047191025,435.4777632274,0.1322505022
2025-09-25,0.0105603697,0.0009832220,440.1009376633,0.1332337242
2025-09-26,0.0121876489,0.0000897615,445.4975525857,0.1333234856
2025-09-29,-0.0019098275,-0.0011806967,444.6475410553,0.1321427890
2025-09-30,0.0171563685,0.0167246024,452.3418929696,0.1488673913
2025-10-01,0.0001813392,0.0045577782,452.4239277187,0.1534251695
2025-10-02,0.0009936168,-0.0115572545,452.8736871372,0.1418679150
2025-10-03,0.0025516179,-0.0090445147,454.0307232611,0.1328234003
2025-10-06,-0.0134451931,0.0223843745,447.9670475015,0.1552077748
2025-10-07,-0.0162641955,0.0265061410,440.7401529858,0.1817139158
2025-10-08,0.0029658233,-0.0075047462,442.0492507386,0.1742091696
2025-10-09,-0.0049440334,-0.0068151116,439.8691381967,0.1673940580
2025-10-10,-0.0052090445,-0.0092220913,437.5837976553,0.1581719668
2025-10-13,0.0039277221,-0.0065786623,439.3058849544,0.1515933045
2025-10-14,0.0058498225,-0.0003497563,441.8832777114,0.1512435481
2025-10-15,0.0098416767,0.0032997509,446.2536205314,0.1545432991
2025-10-16,0.0014267753,-0.0079055576,446.8907786009,0.1466377415
2025-10-17,0.0066290412,-0.0000325455,449.8630768478,0.1466051961
2025-10-20,-0.0064153551,0.0029851970,446.9862831575,0.1495903930
2025-10-21,0.0084301042,-0.0029695882,450.7703517218,0.1466208048
2025-10-22,-0.0104085300,0.0092376133,446.1028281756,0.1558584181
2025-10-23,-0.0048457669,-0.0020392691,443.9463469706,0.1538191490
2025-10-24,0.0051208261,0.0074005488,446.2255497198,0.1612196978
2025-10-27,-0.0136679058,0.0197208867,440.1680717396,0.1809405845
2025-10-28,-0.0250283893,0.0563962955,429.2880959484,0.2373368800
2025-10-29,0.0077679196,-0.0104463664,432.6357567273,0.2268905136
2025-10-30,0.0103612947,-0.0093549705,437.1417268445,0.2175355431
2025-10-31,0.0054301287,-0.0047115333,439.5219192149,0.2128240098
2025-11-03,-0.0019292174,-0.0185640416,438.6748032760,0.1942599682
2025-11-04,0.0009375463,-0.0129847264,439.0862740903,0.1812752418
2025-11-05,-0.0015064694,-0.0038768584,438.4253020391,0.1773983834
2025-11-06,0.0046881477,-0.0045341148,440.4855301638,0.1728642686
2025-11-07,0.0044404614,-0.0058507517,442.4458382901,0.1670135169
2025-11-10,-0.0126836429,0.0166758258,436.8694524732,0.1836893427
2025-11-11,-0.0126262804,0.0055191892,431.3880936812,0.1892085319
2025-11-12,-0.0016313137,-0.0064293534,430.6849380833,0.1827791785
2025-11-13,0.0028941938,-0.0119569141,431.9332293057,0.1708222644
2025-11-14,0.0172658373,0.0021511793,439.4556719154,0.1729734437
2025-11-17,-0.0042234317,-0.0025860738,437.6035747372,0.1703873700
2025-11-18,-0.0001982692,-0.0098507481,437.5168200315,0.1605366219
2025-11-19,-0.0072162763,-0.0004821999,434.3709421683,0.1600544220
2025-11-20,-0.0062825654,0.0019349840,431.6505328286,0.1619894059
2025-11-21,0.0048592192,-0.0089661917,433.7531217333,0.1530232143
2025-11-24,0.0027504303,-0.0022742924,434.9477716067,0.1507489219
2025-11-25,0.0070396576,0.0067820648,438.0204576480,0.1575309867
2025-11-26,-0.0027208445,-0.0054405901,436.8302919515,0.1520903966
2025-11-27,0.0025080567,-0.0009697305,437.9272621343,0.1511206661
2025-11-28,0.0032709749,-0.0014080325,439.3620565122,0.1497126336
2025-12-01,-0.0083358364,0.0003883189,435.7148287677,0.1501009525
2025-12-02,0.0011788619,-0.0104796239,436.2287792684,0.1396213286
2025-12-03,-0.0286878093,0.0916163333,423.8921330025,0.2312376619
2025-12-04,0.0005879791,-0.0200280401,424.1414460104,0.2112096218
2025-12-05,-0.0021484239,-0.0090668212,423.2311885540,0.2021428007
2025-12-08,-0.0028898122,-0.0071240807,422.0098953908,0.1950187199
2025-12-09,-0.0057844333,-0.0029587016,419.5758538650,0.1920600183
2025-12-10,-0.0112673937,0.0075098847,414.8748612270,0.1995699031
2025-12-11,0.0194775789,0.0121070662,423.0348292969,0.2116769693
2025-12-12,-0.0007937020,-0.0113679596,422.6991989219,0.2003090097
2025-12-15,-0.0134044153,0.0157961826,417.0709691406,0.2161051923
2025-12-16,-0.0017688949,-0.0080256055,416.3338665489,0.2080795868
2025-12-17,-0.0051520424,-0.0047970673,414.1944128078,0.2032825195
2025-12-18,0.0090366794,-0.0065624840,417.9543178544,0.1967200356
2025-12-19,0.0065734992,-0.0031689309,420.7107901433,0.1935511046
2025-12-22,-0.0057196081,-0.0078599944,418.3113577516,0.1856911102
2025-12-23,-0.0075964928,0.0019845933,415.1456977228,0.1876757035
2025-12-24,0.0112121921,0.0022337460,419.8265835039,0.1899094495
2025-12-25,-0.0091310818,-0.0009261028,416.0105613412,0.1889833467
2025-12-26,-0.0017118826,-0.0119007964,415.2990093292,0.1770825503
2025-12-29,-0.0101370084,0.0025211485,411.1103856948,0.1796036988
2025-12-30,0.0019168424,-0.0074854369,411.8991752712,0.1721182619
2025-12-31,0.0120426748,0.0017862410,416.8895313797,0.1739045029
2026-01-01,-0.0122875070,0.0152914356,411.7983414147,0.1891959385
2026-01-02,0.0084642346,0.0026792194,415.2986921680,0.1918751579
2026-01-05,0.0182427989,0.0133362157,422.9444305063,0.2052113736
2026-01-06,0.0004548657,-0.0087759350,423.1368571729,0.1964354386
2026-01-07,0.0099254495,-0.0060154772,427.3575923938,0.1904199614
2026-01-08,-0.0022271801,-0.0128686552,426.4068491804,0.1775513062
2026-01-09,-0.0111265959,0.0116212040,421.6886897004,0.1891725102
2026-01-12,-0.0026033422,-0.0055001739,420.5923174659,0.1836723363
2026-01-13,-0.0117066192,0.0079713915,415.6973112769,0.1916437278
2026-01-14,0.0032542237,-0.0087957431,417.0522868080,0.1828479847
2026-01-15,0.0141054601,0.0012580934,422.9766861612,0.1841060781
2026-01-16,0.0025398069,-0.0180919577,424.0523306380,0.1660141204
2026-01-19,0.0143445691,0.0036700017,430.1790158604,0.1696841221
2026-01-20,-0.0060462103,-0.0005790835,427.5859101808,0.1691050386
2026-01-21,0.0079604219,-0.0038929640,431.0032581285,0.1652120746
2026-01-22,0.0059474647,-0.0087308816,433.5742727211,0.1564811930
2026-01-23,-0.0051895946,-0.0015744181,431.3300264204,0.1549067749
2026-01-26,-0.0081107916,0.0055948973,427.8457476836,0.1605016723
2026-01-27,0.0042611644,0.0024119979,429.6727585758,0.1629136702
2026-01-28,0.0065052129,0.0004353170,432.4769824816,0.1633489871
2026-01-29,-0.0103893567,0.0110968100,428.0070847531,0.1744457972
2026-01-30,-0.0116498426,0.0102190984,423.0498014453,0.1846648956
2026-02-02,-0.0048478222,-0.0104754941,421.0038943386,0.1741894015
2026-02-03,0.0143269083,0.0011156066,427.0789933100,0.1753050081
2026-02-04,-0.0098566848,-0.0005331874,422.8900885400,0.1747718207
2026-02-05,0.0126078445,0.0001306474,428.2555735530,0.1749024681
2026-02-06,-0.0007330367,-0.0026221864,427.9417615323,0.1722802817
2026-02-09,0.0048488389,-0.0014501904,430.0218210343,0.1708300913
2026-02-10,0.0077307440,-0.0000704198,433.3590928139,0.1707596715
2026-02-11,-0.0105781980,0.0079953414,428.7990953243,0.1787550130
2026-02-12,0.0050816566,-0.0022140029,430.9836509778,0.1765410101
2026-02-13,-0.0056416469,-0.0042350409,428.5590392203,0.1723059692
2026-02-16,-0.0055875342,-0.0107043318,426.1711284220,0.1616016374
2026-02-17,-0.0020761346,-0.0048142085,425.2872576411,0.1567874289
2026-02-18,-0.0089111056,0.0056114456,421.5143135137,0.1623988746
2026-02-19,0.0056229012,-0.0114253899,423.8911228885,0.1509734847
2026-02-20,-0.0143587910,0.0199427348,417.8480482934,0.1709162194
2026-02-23,0.0049862074,-0.0153263657,419.9367282983,0.1555898538
2026-02-24,-0.0010370316,-0.0069921529,419.5014663896,0.1485977008
2026-02-25,-0.0039473888,0.0023966788,417.8487950151,0.1509943797
2026-02-26,0.0040973647,-0.0066350187,419.5643862111,0.1443593609
2026-02-27,0.0026166256,0.0013775709,420.6636667034,0.1457369319
2026-03-02,-0.0026442176,-0.0025647532,419.5528097421,0.1431721787
2026-03-03,0.0133663626,0.0028118486,425.1983508329,0.1459840273
2026-03-04,0.0102835094,-0.0058482192,429.5934418335,0.1401358081
2026-03-05,-0.0054577736,0.0034120235,427.2552046945,0.1435478315
2026-03-06,-0.0043056376,0.0011172195,425.4195532960,0.1446650510
2026-03-09,-0.0027996598,-0.0092840829,424.2301889651,0.1353809682
2026-03-10,0.0189696666,0.0146330624,432.3545084055,0.1500140306
2026-03-11,0.0009856995,-0.0002911491,432.7808901478,0.1497228815
2026-03-12,-0.0082099080,0.0015756974,429.2423442880,0.1512985789
2026-03-13,-0.0164933042,0.0312283779,422.2207832644,0.1825269569
2026-03-16,-0.0190574079,0.0239969285,414.2505369178,0.2065238853
2026-03-17,0.0119192433,-0.0074304815,419.2176330774,0.1990934039
2026-03-18,0.0151025375,0.0033885835,425.5969336597,0.2024819873
2026-03-19,0.0169332484,-0.0023734655,432.8650348487,0.2001085218
2026-03-20,0.0022760085,-0.0144089079,433.8513613479,0.1856996139
2026-03-23,0.0031085836,-0.0128041165,435.2021229695,0.1728954974
2026-03-24,0.0096923910,-0.0038714065,439.4407802696,0.1690240910
2026-03-25,0.0006089031,-0.0125801265,439.7084385900,0.1564439644
2026-03-26,-0.0013003042,-0.0053661897,439.1370554127,0.1510777748
2026-03-27,0.0200251931,0.0164536754,448.0194992459,0.1675314501
2026-03-30,-0.0043717954,0.0023732613,446.0651248229,0.1699047114
2026-03-31,-0.0012467123,-0.0079227619,445.5093564751,0.1619819495
2026-04-01,0.0069880376,0.0031382847,448.6334956764,0.1651202342
2026-04-02,0.0050214314,-0.0026605438,450.8919435651,0.1624596904
2026-04-03,0.0118018368,0.0002928667,456.2448214730,0.1627525571
2026-04-06,0.0408857657,0.0679515873,475.2853308912,0.2307041444
2026-04-07,0.0111284125,-0.0006127258,480.6040416429,0.2300914186
2026-04-08,-0.0211848766,0.0362548515,470.5295940795,0.2663462702
2026-04-09,0.0009232979,-0.0112640011,470.9642336872,0.2550822691
2026-04-10,-0.0015711930,-0.0137313813,470.2248390212,0.2413508878
2026-04-13,-0.0036990017,-0.0078042078,468.4886895362,0.2335466800
2026-04-14,-0.0219984677,0.0343055464,458.2951880069,0.2678522264
2026-04-15,0.0053792143,-0.0128292303,460.7670985291,0.2550229961
2026-04-16,0.0156870022,-0.0037290049,468.0521438915,0.2512939912
2026-04-17,0.0082689681,-0.0034260821,471.9384980494,0.2478679091
2026-04-20,-0.0016962060,-0.0177660687,471.1386716866,0.2301018403
2026-04-21,0.0099734838,-0.0080396829,475.8610758430,0.2220621575
2026-04-22,0.0169738339,-0.0038538190,484.0072026217,0.2182083384
2026-04-23,-0.0077835778,-0.0007333722,480.2545185254,0.2174749663
2026-04-24,-0.0101904529,0.0048765408,475.3853590791,0.2223515070
2026-04-27,0.0116941236,0.0000064714,480.9772063765,0.2223579784
2026-04-28,0.0012399511,-0.0125765221,481.5739644767,0.2097814564
2026-04-29,-0.0023101954,-0.0093263674,480.4627185959,0.2004550890
2026-04-30,-0.0063578867,-0.0014666457,477.4176813399,0.1989884433
2026-05-01,-0.0013121748,-0.0083640124,476.7916367327,0.1906244309
2026-05-04,0.0127841360,0.0004258412,482.9261344377,0.1910502721
2026-05-05,0.0109943650,-0.0020196455,488.2648949745,0.1890306266
2026-05-06,-0.0013312413,-0.0071487133,487.6153290392,0.1818819133
2026-05-07,-0.0245521425,0.0585175541,475.7891016769,0.2403994674
2026-05-08,0.0085302917,-0.0078616777,479.8650814437,0.2325377897
2026-05-11,0.0018321371,-0.0176405960,480.7450659272,0.2148971936
2026-05-12,0.0160133585,-0.0016150216,488.5053775146,0.2132821720
2026-05-13,0.0132171999,-0.0084068251,495.0049089244,0.2048753469
2026-05-14,0.0023397627,-0.0095209029,496.1644589770,0.1953544440
2026-05-15,-0.0035956598,-0.0101431241,494.3836239480,0.1852113199
2026-05-18,-0.0121827571,0.0112679538,488.3972079197,0.1964792737
2026-05-19,-0.0085761029,0.0045753158,484.2265726859,0.2010545895
2026-05-20,0.0014753136,-0.0141522581,484.9414859418,0.1869023314
2026-05-21,0.0071714171,-0.0087978293,488.4317035581,0.1781045021
2026-05-22,-0.0096705445,0.0053078673,483.7310685379,0.1834123694
2026-05-25,0.0089021756,0.0018036554,488.0565520174,0.1852160248
2026-05-26,-0.0011275052,-0.0046768165,487.5065758131,0.1805392083
2026-05-27,-0.0021475698,-0.0052481711,486.4607448117,0.1752910373
2026-05-28,0.0003475393,-0.0074515594,486.6298384289,0.1678394778
2026-05-29,0.0057104839,-0.0066250614,489.4166798432,0.1612144164
2026-06-01,0.0007526867,-0.0043834412,489.7851959563,0.1568309752
2026-06-02,0.0016570275,-0.0034171570,490.5974562538,0.1534138181
2026-06-03,0.0092243085,0.0002620528,495.1438148007,0.1536758709
2026-06-04,-0.0057931985,-0.0026503229,492.2836411483,0.1510255481
2026-06-05,0.0085784469,-0.0073074626,496.5248356448,0.1437180855
2026-06-08,0.0105002301,-0.0014351337,501.7659288768,0.1422829517
2026-06-09,-0.0016951818,-0.0052711334,500.9160649260,0.1370118184
2026-06-10,-0.0037279276,-0.0062492649,499.0521625197,0.1307625534
2026-06-11,-0.0032270040,-0.0001436730,497.4443148635,0.1306188804
2026-06-12,0.0051244780,-0.0072366018,500.0000000000,0.1233822786
